meta.url,meta.title,meta.record_date,meta.last_updated,record.rank,record.sales,record.total_seats,record.shows,record.theaters,record.since_last_week,record.name,record,record.cumulative_sales,record.estimated_box_office
https://mimorin2014.com/blog-entry-46954.html,（独立系を含む）デイリー合算ランキング：20240816(金),2024-08-16T00:00:00,2024-08-16T15:53:00.000Z,9.0,7277.0,43795.0,145.0,25.0,,KING OF PRISM －Dramatic PRISM.1－,,7277.0,13098600.0
https://mimorin2014.com/blog-entry-46963.html,（独立系を含む）デイリー合算ランキング：20240817(土),2024-08-17T00:00:00,2024-08-17T15:53:00.000Z,21.0,2763.0,23556.0,78.0,24.0,,KING OF PRISM －Dramatic PRISM.1－,,10040.0,18072000.0
https://mimorin2014.com/blog-entry-46970.html,（独立系を含む）デイリー合算ランキング：20240818(日),2024-08-18T00:00:00,2024-08-18T15:53:00.000Z,19.0,4600.0,37021.0,134.0,25.0,,KING OF PRISM －Dramatic PRISM.1－,,14640.0,26352000.0
https://mimorin2014.com/blog-entry-46979.html,（独立系を含む）デイリー合算ランキング：20240819(月),2024-08-19T00:00:00,2024-08-19T15:53:00.000Z,18.0,1840.0,45241.0,155.0,25.0,,KING OF PRISM －Dramatic PRISM.1－,,16480.0,29664000.0
https://mimorin2014.com/blog-entry-46986.html,（独立系を含む）デイリー合算ランキング：20240820(火),2024-08-20T00:00:00,2024-08-20T15:53:00.000Z,18.0,1571.0,40904.0,143.0,25.0,,KING OF PRISM －Dramatic PRISM.1－,,18051.0,32491800.0
https://mimorin2014.com/blog-entry-46993.html,（独立系を含む）デイリー合算ランキング：20240821(水),2024-08-21T00:00:00,2024-08-21T15:53:00.000Z,19.0,1897.0,43495.0,150.0,25.0,,KING OF PRISM －Dramatic PRISM.1－,,19948.0,35906400.0
https://mimorin2014.com/blog-entry-47000.html,（独立系を含む）デイリー合算ランキング：20240822(木),2024-08-22T00:00:00,2024-08-22T15:53:00.000Z,18.0,1563.0,39263.0,140.0,25.0,,KING OF PRISM －Dramatic PRISM.1－,,21511.0,38719800.0
https://mimorin2014.com/blog-entry-47007.html,（独立系を含む）デイリー合算ランキング：20240823(金),2024-08-23T00:00:00,2024-08-23T15:53:00.000Z,17.0,3105.0,12335.0,70.0,24.0,42.7,KING OF PRISM －Dramatic PRISM.1－,,24616.0,44308800.0
https://mimorin2014.com/blog-entry-47016.html,（独立系を含む）デイリー合算ランキング：20240824(土),2024-08-24T00:00:00,2024-08-24T15:53:00.000Z,15.0,5017.0,13875.0,73.0,24.0,181.6,KING OF PRISM －Dramatic PRISM.1－,,29633.0,53339400.0
https://mimorin2014.com/blog-entry-47023.html,（独立系を含む）デイリー合算ランキング：20240825(日),2024-08-25T00:00:00,2024-08-25T15:53:00.000Z,19.0,4237.0,15437.0,78.0,24.0,92.1,KING OF PRISM －Dramatic PRISM.1－,,33870.0,60966000.0
https://mimorin2014.com/blog-entry-47032.html,（独立系を含む）デイリー合算ランキング：20240826(月),2024-08-26T00:00:00,2024-08-26T15:53:00.000Z,21.0,1623.0,14408.0,75.0,24.0,88.2,KING OF PRISM －Dramatic PRISM.1－,,35493.0,63887400.0
https://mimorin2014.com/blog-entry-47039.html,（独立系を含む）デイリー合算ランキング：20240827(火),2024-08-27T00:00:00,2024-08-27T15:53:00.000Z,22.0,1287.0,13049.0,70.0,24.0,81.9,KING OF PRISM －Dramatic PRISM.1－,,36780.0,66204000.0
https://mimorin2014.com/blog-entry-47046.html,（独立系を含む）デイリー合算ランキング：20240828(水),2024-08-28T00:00:00,2024-08-28T15:53:00.000Z,23.0,1444.0,14227.0,72.0,23.0,76.1,KING OF PRISM －Dramatic PRISM.1－,,38224.0,68803200.0
https://mimorin2014.com/blog-entry-47053.html,（独立系を含む）デイリー合算ランキング：20240829(木),2024-08-29T00:00:00,2024-08-29T15:53:00.000Z,20.0,1061.0,11827.0,58.0,19.0,67.9,KING OF PRISM －Dramatic PRISM.1－,,39285.0,70713000.0
https://mimorin2014.com/blog-entry-47060.html,（独立系を含む）デイリー合算ランキング：20240830(金),2024-08-30T00:00:00,2024-08-30T15:53:00.000Z,18.0,1424.0,7863.0,39.0,16.0,45.9,KING OF PRISM －Dramatic PRISM.1－,,40709.0,73276200.0
https://mimorin2014.com/blog-entry-47069.html,（独立系を含む）デイリー合算ランキング：20240831(土),2024-08-31T00:00:00,2024-08-31T15:53:00.000Z,23.0,2378.0,8482.0,43.0,19.0,47.4,KING OF PRISM －Dramatic PRISM.1－,,43087.0,77556600.0
https://mimorin2014.com/blog-entry-47076.html,（独立系を含む）デイリー合算ランキング：20240901(日),2024-09-01T00:00:00,2024-09-02T00:53:00.000Z,,,,,,,,,,
https://mimorin2014.com/blog-entry-47085.html,（独立系を含む）デイリー合算ランキング：20240902(月),2024-09-02T00:00:00,2024-09-03T00:53:00.000Z,25.0,815.0,10120.0,49.0,20.0,50.2,KING OF PRISM －Dramatic PRISM.1－,,43902.0,79023600.0
https://mimorin2014.com/blog-entry-47092.html,（独立系を含む）デイリー合算ランキング：20240903(火),2024-09-03T00:00:00,2024-09-04T00:53:00.000Z,23.0,855.0,8254.0,42.0,19.0,66.4,KING OF PRISM －Dramatic PRISM.1－,,44757.0,80562600.0
https://mimorin2014.com/blog-entry-47099.html,（独立系を含む）デイリー合算ランキング：20240904(水),2024-09-04T00:00:00,2024-09-05T00:53:00.000Z,,,,,,,,,,
https://mimorin2014.com/blog-entry-47106.html,（独立系を含む）デイリー合算ランキング：20240905(木),2024-09-05T00:00:00,2024-09-06T00:53:00.000Z,21.0,1089.0,9589.0,46.0,20.0,102.6,KING OF PRISM －Dramatic PRISM.1－,,45846.0,82522800.0
https://mimorin2014.com/blog-entry-47113.html,（独立系を含む）デイリー合算ランキング：20240906(金),2024-09-06T00:00:00,2024-09-07T00:53:00.000Z,14.0,1766.0,6807.0,27.0,15.0,124.0,KING OF PRISM －Dramatic PRISM.1－,,47612.0,85701600.0
https://mimorin2014.com/blog-entry-47122.html,（独立系を含む）デイリー合算ランキング：20240907(土),2024-09-07T00:00:00,2024-09-08T00:53:00.000Z,17.0,2395.0,5637.0,26.0,16.0,100.7,"KING OF PRISM －Dramatic PRISM.1－<div class=""google-auto-placed ap_container"" style=""width: 100%; height: auto; clear: both; text-align: center;""><ins data-ad-format=""auto"" class=""adsbygoogle adsbygoogle-noablate"" data-ad-client=""ca-pub-1446206033984935"" data-adsbygoogle-status=""done"" style=""display: block; margin: auto; background-color: transparent; height: 0px;""><div id=""aswift_5_host"" style=""border: none; height: 0px; width: 708px; margin: 0px; padding: 0px; position: relative; visibility: visible; background-color: transparent; display: inline-block; overflow: hidden; opacity: 0;""><iframe id=""aswift_5"" name=""aswift_5"" browsingtopics=""true"" style=""left: 0px; position: absolute; top: 0px; border: 0px; width: 708px; height: 0px;"" sandbox=""allow-forms allow-popups allow-popups-to-escape-sandbox allow-same-origin allow-scripts allow-top-navigation-by-user-activation"" width=""708"" height=""0"" frameborder=""0"" marginwidth=""0"" marginheight=""0"" vspace=""0"" hspace=""0"" allowtransparency=""true"" scrolling=""no"" allow=""attribution-reporting; run-ad-auction"" src=""https://googleads.g.doubleclick.net/pagead/ads?client=ca-pub-1446206033984935&amp;output=html&amp;h=280&amp;adk=113126082&amp;adf=2594566139&amp;pi=t.aa~a.2344727580~i.36~rp.1&amp;w=708&amp;abgtt=6&amp;fwrn=4&amp;fwrnh=100&amp;lmt=1725725676&amp;num_ads=1&amp;rafmt=1&amp;armr=3&amp;sem=mc&amp;pwprc=8619640303&amp;ad_type=text_image&amp;format=708x280&amp;url=https%3A%2F%2Fmimorin2014.com%2F%3Fcat%3D6%26page%3D0&amp;fwr=0&amp;pra=3&amp;rh=177&amp;rw=708&amp;rpe=1&amp;resp_fmts=3&amp;wgl=1&amp;fa=27&amp;uach=WyJXaW5kb3dzIiwiMTAuMCIsIng2NCIsIiIsIjEyOC4wLjY2MTMuMTgiLG51bGwsMCxudWxsLCI2NCIsW1siQ2hyb21pdW0iLCIxMjguMC42NjEzLjE4Il0sWyJOb3Q7QT1CcmFuZCIsIjI0LjAuMC4wIl0sWyJIZWFkbGVzc0Nocm9tZSIsIjEyOC4wLjY2MTMuMTgiXV0sMF0.&amp;dt=1725725676048&amp;bpp=3&amp;bdt=1436&amp;idt=-M&amp;shv=r20240904&amp;mjsv=m202409030101&amp;ptt=9&amp;saldr=aa&amp;abxe=1&amp;cookie=ID%3D243bfe4904c0b8da%3AT%3D1725725675%3ART%3D1725725675%3AS%3DALNI_MbTruM_7oFKsOlsmiS6FCZq9c2JWg&amp;gpic=UID%3D00000edb4691b013%3AT%3D1725725675%3ART%3D1725725675%3AS%3DALNI_MbVA2DGUhZL7g_xY52LgFZtJDtizA&amp;eo_id_str=ID%3D86367ce42029a879%3AT%3D1725725675%3ART%3D1725725675%3AS%3DAA-AfjaQ3C_IXF9DAcW8Jk-RtMqe&amp;prev_fmts=0x0%2C728x90%2C728x90%2C336x280%2C336x280&amp;nras=2&amp;correlator=6741237114672&amp;frm=20&amp;pv=1&amp;u_tz=0&amp;u_his=2&amp;u_h=720&amp;u_w=1280&amp;u_ah=720&amp;u_aw=1280&amp;u_cd=24&amp;u_sd=1&amp;dmc=8&amp;adx=101&amp;ady=896&amp;biw=1280&amp;bih=720&amp;scr_x=0&amp;scr_y=0&amp;eid=44759875%2C44759926%2C44759842%2C31086639%2C95338229%2C95341663%2C95342032%2C95340844&amp;oid=2&amp;psts=AOrYGsmYGwrw69yhvXKg2stblOFo9vC60wlh_14AQhJzGBsjCg_exMZaNmC3bG9Oyo4R2gjrZ_gn5MKa-0vtih7lXicTQVDDNo3eZrCf2DX2pzd7rIqcxw%2CAOrYGskcxQoArFaTn0n5frcGEhJeWLL7IVm88wEWs0pxG5krUf59rIm7L9FEIjF56d98u16iaIYVcKuiCtQsGSAtaldEE8Ad%2CAOrYGskNPuOHPwGY7F3IXbm-cZilXcxmCoB-CMA7JftOqXNbPr8GvBAZtPsbg9XwKyqsPdQwqm8hejU6HDHtutTazOwModqq&amp;pvsid=2468289080827444&amp;tmod=789687352&amp;uas=0&amp;nvt=1&amp;fc=1408&amp;brdim=0%2C0%2C0%2C0%2C1280%2C0%2C1280%2C720%2C1280%2C720&amp;vis=1&amp;rsz=%7C%7Cs%7C&amp;abl=NS&amp;fu=128&amp;bc=31&amp;bz=1&amp;td=1&amp;tdf=2&amp;psd=W251bGwsbnVsbCxudWxsLDNd&amp;nt=1&amp;ifi=6&amp;uci=a!6&amp;btvi=2&amp;fsb=1&amp;dtd=40"" data-google-container-id=""a!6"" tabindex=""0"" title=""Advertisement"" aria-label=""Advertisement"" data-google-query-id=""CKHDno-dsYgDFSuv0QQdVXMwfg"" data-load-complete=""true""></iframe></div></ins></div>",,50007.0,90012600.0
https://mimorin2014.com/blog-entry-47129.html,（独立系を含む）デイリー合算ランキング：20240908(日),2024-09-08T00:00:00,2024-09-09T00:53:00.000Z,,,,,,,,,,
https://mimorin2014.com/blog-entry-47138.html,（独立系を含む）デイリー合算ランキング：20240909(月),2024-09-09T00:00:00,2024-09-10T00:53:00.000Z,24.0,707.0,5699.0,26.0,15.0,86.7,KING OF PRISM －Dramatic PRISM.1－,,50714.0,91285200.0
https://mimorin2014.com/blog-entry-47145.html,（独立系を含む）デイリー合算ランキング：20240910(火),2024-09-10T00:00:00,2024-09-11T00:53:00.000Z,,,,,,,,,,
https://mimorin2014.com/blog-entry-47152.html,（独立系を含む）デイリー合算ランキング：20240911(水),2024-09-11T00:00:00,2024-09-12T00:53:00.000Z,24.0,909.0,6070.0,26.0,15.0,97.6,KING OF PRISM －Dramatic PRISM.1－,,51623.0,92921400.0
https://mimorin2014.com/blog-entry-47159.html,（独立系を含む）デイリー合算ランキング：20240912(木),2024-09-12T00:00:00,2024-09-13T00:53:00.000Z,23.0,745.0,4572.0,24.0,16.0,68.4,KING OF PRISM －Dramatic PRISM.1－,,52368.0,94262400.0
https://mimorin2014.com/blog-entry-47166.html,（独立系を含む）デイリー合算ランキング：20240913(金),2024-09-13T00:00:00,2024-09-14T00:53:00.000Z,19.0,1154.0,6830.0,36.0,22.0,65.3,KING OF PRISM －Dramatic PRISM.1－,,53522.0,96339600.0
https://mimorin2014.com/blog-entry-47175.html,（独立系を含む）デイリー合算ランキング：20240914(土),2024-09-14T00:00:00,2024-09-15T00:53:00.000Z,22.0,1950.0,7297.0,37.0,22.0,81.4,KING OF PRISM －Dramatic PRISM.1－,,55472.0,99849600.0
https://mimorin2014.com/blog-entry-47182.html,（独立系を含む）デイリー合算ランキング：20240915(日),2024-09-15T00:00:00,2024-09-16T00:53:00.000Z,21.0,2175.0,7352.0,36.0,22.0,238.5,KING OF PRISM －Dramatic PRISM.1－,,57647.0,103764600.0
https://mimorin2014.com/blog-entry-47191.html,（独立系を含む）デイリー合算ランキング：20240916(月),2024-09-16T00:00:00,2024-09-17T00:53:00.000Z,22.0,1673.0,8360.0,39.0,22.0,236.6,KING OF PRISM －Dramatic PRISM.1－,,59320.0,106776000.0
https://mimorin2014.com/blog-entry-47198.html,（独立系を含む）デイリー合算ランキング：20240917(火),2024-09-17T00:00:00,2024-09-18T00:53:00.000Z,,,,,,,,,,
https://mimorin2014.com/blog-entry-47205.html,（独立系を含む）デイリー合算ランキング：20240918(水),2024-09-18T00:00:00,2024-09-19T00:53:00.000Z,,,,,,,,,,
https://mimorin2014.com/blog-entry-47212.html,（独立系を含む）デイリー合算ランキング：20240919(木),2024-09-19T00:00:00,2024-09-20T00:53:00.000Z,,,,,,,,,,
https://mimorin2014.com/blog-entry-47219.html,（独立系を含む）デイリー合算ランキング：20240920(金),2024-09-20T00:00:00,2024-09-21T00:53:00.000Z,21.0,1234.0,5098.0,26.0,21.0,106.9,KING OF PRISM －Dramatic PRISM.1－,,60554.0,108997200.0
https://mimorin2014.com/blog-entry-47228.html,（独立系を含む）デイリー合算ランキング：20240921(土),2024-09-21T00:00:00,2024-09-22T00:53:00.000Z,,,,,,,,,,
https://mimorin2014.com/blog-entry-47235.html,（独立系を含む）デイリー合算ランキング：20240922(日),2024-09-22T00:00:00,2024-09-23T00:53:00.000Z,24.0,1701.0,4884.0,23.0,20.0,78.2,KING OF PRISM －Dramatic PRISM.1－,,62255.0,112059000.0
https://mimorin2014.com/blog-entry-47242.html,（独立系を含む）デイリー合算ランキング：20240923(月),2024-09-23T00:00:00,2024-09-24T00:53:00.000Z,19.0,489.0,2954.0,14.0,19.0,29.2,KING OF PRISM －Dramatic PRISM.1－,,62744.0,112939200.0
https://mimorin2014.com/blog-entry-47249.html,（独立系を含む）デイリー合算ランキング：20240924(火),2024-09-24T00:00:00,2024-09-25T00:53:00.000Z,,,,,,,,,,
https://mimorin2014.com/blog-entry-47256.html,（独立系を含む）デイリー合算ランキング：20240925(水),2024-09-25T00:00:00,2024-09-26T00:53:00.000Z,,,,,,,,,,
https://mimorin2014.com/blog-entry-47263.html,（独立系を含む）デイリー合算ランキング：20240926(木),2024-09-26T00:00:00,2024-09-27T00:53:00.000Z,,,,,,,,,,
https://mimorin2014.com/blog-entry-47270.html,（独立系を含む）デイリー合算ランキング：20240927(金),2024-09-27T00:00:00,2024-09-28T00:53:00.000Z,25.0,1346.0,4412.0,21.0,16.0,109.1,KING OF PRISM －Dramatic PRISM.1－,,64090.0,115362000.0
https://mimorin2014.com/blog-entry-47279.html,（独立系を含む）デイリー合算ランキング：20240928(土),2024-09-28T00:00:00,2024-09-29T00:53:00.000Z,,,,,,,,,,
https://mimorin2014.com/blog-entry-47286.html,（独立系を含む）デイリー合算ランキング：20240929(日),2024-09-29T00:00:00,2024-09-30T00:53:00.000Z,,,,,,,,,,
https://mimorin2014.com/blog-entry-47295.html,（独立系を含む）デイリー合算ランキング：20240930(月),2024-09-30T00:00:00,2024-10-01T00:53:00.000Z,,,,,,,,,,
https://mimorin2014.com/blog-entry-47302.html,（独立系を含む）デイリー合算ランキング：20241001(火),2024-10-01T00:00:00,2024-10-02T00:53:00.000Z,,,,,,,,,,
https://mimorin2014.com/blog-entry-47309.html,（独立系を含む）デイリー合算ランキング：20241002(水),2024-10-02T00:00:00,2024-10-03T00:53:00.000Z,,,,,,,,,,
https://mimorin2014.com/blog-entry-47316.html,（独立系を含む）デイリー合算ランキング：20241003(木),2024-10-03T00:00:00,2024-10-04T00:53:00.000Z,24.0,853.0,4820.0,25.0,20.0,183.4,KING OF PRISM －Dramatic PRISM.1－,,64943.0,116897400.0
https://mimorin2014.com/blog-entry-47323.html,（独立系を含む）デイリー合算ランキング：20241004(金),2024-10-04T00:00:00,2024-10-05T00:53:00.000Z,,,,,,,,,,
https://mimorin2014.com/blog-entry-47332.html,（独立系を含む）デイリー合算ランキング：20241005(土),2024-10-05T00:00:00,2024-10-06T00:53:00.000Z,,,,,,,,,,
https://mimorin2014.com/blog-entry-47339.html,（独立系を含む）デイリー合算ランキング：20241006(日),2024-10-06T00:00:00,2024-10-07T00:53:00.000Z,,,,,,,,,,
https://mimorin2014.com/blog-entry-47348.html,（独立系を含む）デイリー合算ランキング：20241007(月),2024-10-07T00:00:00,2024-10-08T00:53:00.000Z,,,,,,,,,,
https://mimorin2014.com/blog-entry-47355.html,（独立系を含む）デイリー合算ランキング：20241008(火),2024-10-08T00:00:00,2024-10-09T00:53:00.000Z,,,,,,,,,,
https://mimorin2014.com/blog-entry-47362.html,（独立系を含む）デイリー合算ランキング：20241009(水),2024-10-09T00:00:00,2024-10-10T00:53:00.000Z,,,,,,,,,,
https://mimorin2014.com/blog-entry-47369.html,（独立系を含む）デイリー合算ランキング：20241010(木),2024-10-10T00:00:00,2024-10-11T00:53:00.000Z,,,,,,,,,,
https://mimorin2014.com/blog-entry-47376.html,（独立系を含む）デイリー合算ランキング：20241011(金),2024-10-11T00:00:00,2024-10-12T00:53:00.000Z,,,,,,,,,,
https://mimorin2014.com/blog-entry-47385.html,（独立系を含む）デイリー合算ランキング：20241012(土),2024-10-12T00:00:00,2024-10-13T00:53:00.000Z,,,,,,,,,,
https://mimorin2014.com/blog-entry-47392.html,（独立系を含む）デイリー合算ランキング：20241013(日),2024-10-13T00:00:00,2024-10-14T00:53:00.000Z,,,,,,,,,,
https://mimorin2014.com/blog-entry-47401.html,（独立系を含む）デイリー合算ランキング：20241014(月),2024-10-14T00:00:00,2024-10-15T00:53:00.000Z,,,,,,,,,,
https://mimorin2014.com/blog-entry-47408.html,（独立系を含む）デイリー合算ランキング：20241015(火),2024-10-15T00:00:00,2024-10-16T00:53:00.000Z,,,,,,,,,,
https://mimorin2014.com/blog-entry-47415.html,（独立系を含む）デイリー合算ランキング：20241016(水),2024-10-16T00:00:00,2024-10-17T00:53:00.000Z,,,,,,,,,,
https://mimorin2014.com/blog-entry-47422.html,（独立系を含む）デイリー合算ランキング：20241017(木),2024-10-17T00:00:00,2024-10-18T00:53:00.000Z,,,,,,,,,,
https://mimorin2014.com/blog-entry-47429.html,（独立系を含む）デイリー合算ランキング：20241018(金),2024-10-18T00:00:00,2024-10-19T00:53:00.000Z,,,,,,,,,,
https://mimorin2014.com/blog-entry-47438.html,（独立系を含む）デイリー合算ランキング：20241019(土),2024-10-19T00:00:00,2024-10-20T00:53:00.000Z,,,,,,,,,,
https://mimorin2014.com/blog-entry-47445.html,（独立系を含む）デイリー合算ランキング：20241020(日),2024-10-20T00:00:00,2024-10-21T00:53:00.000Z,,,,,,,,,,
https://mimorin2014.com/blog-entry-47454.html,（独立系を含む）デイリー合算ランキング：20241021(月),2024-10-21T00:00:00,2024-10-22T00:53:00.000Z,,,,,,,,,,
https://mimorin2014.com/blog-entry-47459.html,（独立系を含む）デイリー合算ランキング：20241022(火),2024-10-22T00:00:00,2024-10-23T00:53:00.000Z,,,,,,,,,,
https://mimorin2014.com/blog-entry-47466.html,（独立系を含む）デイリー合算ランキング：20241023(水),2024-10-23T00:00:00,2024-10-24T00:53:00.000Z,,,,,,,,,,
https://mimorin2014.com/blog-entry-47471.html,（独立系を含む）デイリー合算ランキング：20241024(木),2024-10-24T00:00:00,2024-10-25T00:53:00.000Z,,,,,,,,,,
https://mimorin2014.com/blog-entry-47478.html,（独立系を含む）デイリー合算ランキング：20241025(金),2024-10-25T00:00:00,2024-10-26T00:53:00.000Z,16.0,1765.0,9715.0,74.0,39.0,,も～っと煌めく!KING OF PRISM －Dramatic PRISM.1－,,66708.0,120074400.0
https://mimorin2014.com/blog-entry-47487.html,（独立系を含む）デイリー合算ランキング：20241026(土),2024-10-26T00:00:00,2024-10-27T00:53:00.000Z,23.0,2155.0,9969.0,76.0,39.0,,も～っと煌めく!KING OF PRISM －Dramatic PRISM.1－,,68863.0,123953400.0
https://mimorin2014.com/blog-entry-47494.html,（独立系を含む）デイリー合算ランキング：20241027(日),2024-10-27T00:00:00,2024-10-28T00:53:00.000Z,,,,,,,,,,
https://mimorin2014.com/blog-entry-47503.html,（独立系を含む）デイリー合算ランキング：20241028(月),2024-10-28T00:00:00,2024-10-29T00:53:00.000Z,20.0,922.0,9906.0,74.0,39.0,,も～っと煌めく!KING OF PRISM －Dramatic PRISM.1－,,69785.0,125613000.0
https://mimorin2014.com/blog-entry-47510.html,（独立系を含む）デイリー合算ランキング：20241029(火),2024-10-29T00:00:00,2024-10-30T00:53:00.000Z,18.0,812.0,9349.0,69.0,38.0,,も～っと煌めく!KING OF PRISM －Dramatic PRISM.1－,,70597.0,127074600.0
https://mimorin2014.com/blog-entry-47517.html,（独立系を含む）デイリー合算ランキング：20241030(水),2024-10-30T00:00:00,2024-10-31T00:53:00.000Z,21.0,848.0,9678.0,73.0,38.0,,"も～っと煌めく!KING OF PRISM －Dramatic PRISM.1－<div class=""google-auto-placed ap_container"" style=""width: 100%; height: auto; clear: both; text-align: center;""><ins data-ad-format=""auto"" class=""adsbygoogle adsbygoogle-noablate"" data-ad-client=""ca-pub-1446206033984935"" data-adsbygoogle-status=""done"" style=""display: block; margin: auto; background-color: transparent; height: 0px;""><div id=""aswift_5_host"" style=""border: none; height: 0px; width: 708px; margin: 0px; padding: 0px; position: relative; visibility: visible; background-color: transparent; display: inline-block; overflow: hidden; opacity: 0;""><iframe id=""aswift_5"" name=""aswift_5"" browsingtopics=""true"" style=""left: 0px; position: absolute; top: 0px; border: 0px; width: 708px; height: 0px;"" sandbox=""allow-forms allow-popups allow-popups-to-escape-sandbox allow-same-origin allow-scripts allow-top-navigation-by-user-activation"" width=""708"" height=""0"" frameborder=""0"" marginwidth=""0"" marginheight=""0"" vspace=""0"" hspace=""0"" allowtransparency=""true"" scrolling=""no"" allow=""attribution-reporting; run-ad-auction"" src=""https://googleads.g.doubleclick.net/pagead/ads?client=ca-pub-1446206033984935&amp;output=html&amp;h=280&amp;adk=88996912&amp;adf=819707672&amp;pi=t.aa~a.2344727580~i.44~rp.1&amp;w=708&amp;abgtt=6&amp;fwrn=4&amp;fwrnh=100&amp;lmt=1730305054&amp;num_ads=1&amp;rafmt=1&amp;armr=3&amp;sem=mc&amp;pwprc=8619640303&amp;ad_type=text_image&amp;format=708x280&amp;url=https%3A%2F%2Fmimorin2014.com%2F%3Fcat%3D6%26page%3D0&amp;fwr=0&amp;pra=3&amp;rh=177&amp;rw=708&amp;rpe=1&amp;resp_fmts=3&amp;wgl=1&amp;fa=27&amp;uach=WyJXaW5kb3dzIiwiMTAuMCIsIng2NCIsIiIsIjEyOC4wLjY2MTMuMTgiLG51bGwsMCxudWxsLCI2NCIsW1siQ2hyb21pdW0iLCIxMjguMC42NjEzLjE4Il0sWyJOb3Q7QT1CcmFuZCIsIjI0LjAuMC4wIl0sWyJIZWFkbGVzc0Nocm9tZSIsIjEyOC4wLjY2MTMuMTgiXV0sMF0.&amp;dt=1730305054797&amp;bpp=3&amp;bdt=940&amp;idt=-M&amp;shv=r20241024&amp;mjsv=m202410240101&amp;ptt=9&amp;saldr=aa&amp;abxe=1&amp;cookie=ID%3Dcdce7c8ad197cd9b%3AT%3D1730305054%3ART%3D1730305054%3AS%3DALNI_MZIBvO-vwuGecqK_z98NP-h0B8Ubg&amp;gpic=UID%3D00000f44938763d2%3AT%3D1730305054%3ART%3D1730305054%3AS%3DALNI_MZG8VPa9rLKeP7qWiNX1UItyQXkcg&amp;eo_id_str=ID%3Dd4ca7cc6633ce6e0%3AT%3D1730305054%3ART%3D1730305054%3AS%3DAA-AfjaHrCKbQd-sgP4kJXX2HADb&amp;prev_fmts=0x0%2C728x90%2C728x90%2C336x280%2C336x280&amp;nras=2&amp;correlator=4260487167578&amp;frm=20&amp;pv=1&amp;u_tz=0&amp;u_his=2&amp;u_h=720&amp;u_w=1280&amp;u_ah=720&amp;u_aw=1280&amp;u_cd=24&amp;u_sd=1&amp;dmc=8&amp;adx=101&amp;ady=958&amp;biw=1280&amp;bih=720&amp;scr_x=0&amp;scr_y=0&amp;eid=44759875%2C44759926%2C31088481%2C31088483%2C95344189%2C95335246%2C95345788%2C95345963&amp;oid=2&amp;pvsid=3972703372731350&amp;tmod=1136017487&amp;uas=0&amp;nvt=1&amp;fc=1408&amp;brdim=0%2C0%2C0%2C0%2C1280%2C0%2C1280%2C720%2C1280%2C720&amp;vis=1&amp;rsz=%7C%7Cs%7C&amp;abl=NS&amp;fu=128&amp;bc=31&amp;bz=1&amp;td=1&amp;tdf=2&amp;psd=W251bGwsbnVsbCxudWxsLDNd&amp;nt=1&amp;ifi=6&amp;uci=a!6&amp;btvi=2&amp;fsb=1&amp;dtd=18"" data-google-container-id=""a!6"" tabindex=""0"" title=""Advertisement"" aria-label=""Advertisement"" data-google-query-id=""CO3ZltHAtokDFRnIrQAd4lYqog"" data-load-complete=""true""></iframe></div></ins></div>",,71445.0,128601000.0
https://mimorin2014.com/blog-entry-47524.html,（独立系を含む）デイリー合算ランキング：20241031(木),2024-10-31T00:00:00,2024-11-01T00:53:00.000Z,18.0,864.0,9772.0,71.0,38.0,,も～っと煌めく!KING OF PRISM －Dramatic PRISM.1－,,72309.0,130156200.0
https://mimorin2014.com/blog-entry-47531.html,（独立系を含む）デイリー合算ランキング：20241101(金),2024-11-01T00:00:00,2024-11-02T00:53:00.000Z,23.0,624.0,4070.0,28.0,15.0,35.4,も～っと煌めく!KING OF PRISM －Dramatic PRISM.1－,,72933.0,131279400.0
https://mimorin2014.com/blog-entry-47540.html,（独立系を含む）デイリー合算ランキング：20241102(土),2024-11-02T00:00:00,2024-11-03T00:53:00.000Z,25.0,1000.0,4213.0,29.0,16.0,46.4,も～っと煌めく!KING OF PRISM －Dramatic PRISM.1－,,73933.0,133079400.0
https://mimorin2014.com/blog-entry-47547.html,（独立系を含む）デイリー合算ランキング：20241103(日),2024-11-03T00:00:00,2024-11-04T00:53:00.000Z,,,,,,,,,,
https://mimorin2014.com/blog-entry-47556.html,（独立系を含む）デイリー合算ランキング：20241104(月),2024-11-04T00:00:00,2024-11-05T00:53:00.000Z,,,,,,,,,,
https://mimorin2014.com/blog-entry-47563.html,（独立系を含む）デイリー合算ランキング：20241105(火),2024-11-05T00:00:00,2024-11-06T00:53:00.000Z,21.0,537.0,4416.0,31.0,16.0,66.1,も～っと煌めく!KING OF PRISM －Dramatic PRISM.1－,,74470.0,134046000.0
https://mimorin2014.com/blog-entry-47570.html,（独立系を含む）デイリー合算ランキング：20241106(水),2024-11-06T00:00:00,2024-11-07T00:53:00.000Z,23.0,565.0,4268.0,30.0,16.0,66.6,も～っと煌めく!KING OF PRISM －Dramatic PRISM.1－,,75035.0,135063000.0
https://mimorin2014.com/blog-entry-47577.html,（独立系を含む）デイリー合算ランキング：20241107(木),2024-11-07T00:00:00,2024-11-08T00:53:00.000Z,21.0,566.0,4422.0,31.0,16.0,65.5,も～っと煌めく!KING OF PRISM －Dramatic PRISM.1－,,75601.0,136081800.0
https://mimorin2014.com/blog-entry-47584.html,（独立系を含む）デイリー合算ランキング：20241108(金),2024-11-08T00:00:00,2024-11-09T00:53:00.000Z,,,,,,,,,,
https://mimorin2014.com/blog-entry-47593.html,（独立系を含む）デイリー合算ランキング：20241109(土),2024-11-09T00:00:00,2024-11-10T00:53:00.000Z,25.0,1104.0,4065.0,28.0,14.0,110.4,も～っと煌めく!KING OF PRISM －Dramatic PRISM.1－,,76705.0,138069000.0
https://mimorin2014.com/blog-entry-47600.html,（独立系を含む）デイリー合算ランキング：20241110(日),2024-11-10T00:00:00,2024-11-11T00:53:00.000Z,,,,,,,,,,
https://mimorin2014.com/blog-entry-47609.html,（独立系を含む）デイリー合算ランキング：20241111(月),2024-11-11T00:00:00,2024-11-12T00:53:00.000Z,24.0,515.0,4549.0,31.0,16.0,60.4,も～っと煌めく!KING OF PRISM －Dramatic PRISM.1－,,77220.0,138996000.0
https://mimorin2014.com/blog-entry-47616.html,（独立系を含む）デイリー合算ランキング：20241112(火),2024-11-12T00:00:00,2024-11-13T00:53:00.000Z,25.0,497.0,4549.0,31.0,16.0,92.6,も～っと煌めく!KING OF PRISM －Dramatic PRISM.1－,,77717.0,139890600.0
https://mimorin2014.com/blog-entry-47623.html,（独立系を含む）デイリー合算ランキング：20241113(水),2024-11-13T00:00:00,2024-11-14T00:53:00.000Z,,,,,,,,,,
https://mimorin2014.com/blog-entry-47630.html,（独立系を含む）デイリー合算ランキング：20241114(木),2024-11-14T00:00:00,2024-11-15T00:53:00.000Z,25.0,509.0,4445.0,29.0,15.0,89.9,も～っと煌めく!KING OF PRISM －Dramatic PRISM.1－,,78226.0,140806800.0
https://mimorin2014.com/blog-entry-47637.html,（独立系を含む）デイリー合算ランキング：20241115(金),2024-11-15T00:00:00,2024-11-16T00:53:00.000Z,,,,,,,,,,
https://mimorin2014.com/blog-entry-47646.html,（独立系を含む）デイリー合算ランキング：20241116(土),2024-11-16T00:00:00,2024-11-17T00:53:00.000Z,,,,,,,,,,
https://mimorin2014.com/blog-entry-47653.html,（独立系を含む）デイリー合算ランキング：20241117(日),2024-11-17T00:00:00,2024-11-18T00:53:00.000Z,,,,,,,,,,
https://mimorin2014.com/blog-entry-47662.html,（独立系を含む）デイリー合算ランキング：20241118(月),2024-11-18T00:00:00,2024-11-19T00:53:00.000Z,,,,,,,,,,
https://mimorin2014.com/blog-entry-47669.html,（独立系を含む）デイリー合算ランキング：20241119(火),2024-11-19T00:00:00,2024-11-20T00:53:00.000Z,,,,,,,,,,
https://mimorin2014.com/blog-entry-47676.html,（独立系を含む）デイリー合算ランキング：20241120(水),2024-11-20T00:00:00,2024-11-21T00:53:00.000Z,,,,,,,,,,
https://mimorin2014.com/blog-entry-47683.html,（独立系を含む）デイリー合算ランキング：20241121(木),2024-11-21T00:00:00,2024-11-22T00:53:00.000Z,22.0,565.0,3258.0,19.0,19.0,,KING OF PRISM －Dramatic PRISM.1－(・発声OK),,78791.0,141823800.0
https://mimorin2014.com/blog-entry-47690.html,（独立系を含む）デイリー合算ランキング：20241122(金),2024-11-22T00:00:00,2024-11-23T00:53:00.000Z,,,,,,,,,,
https://mimorin2014.com/blog-entry-47699.html,（独立系を含む）デイリー合算ランキング：20241123(土),2024-11-23T00:00:00,2024-11-24T00:53:00.000Z,,,,,,,,,,
https://mimorin2014.com/blog-entry-47706.html,（独立系を含む）デイリー合算ランキング：20241124(日),2024-11-24T00:00:00,2024-11-25T00:53:00.000Z,,,,,,,,,,
https://mimorin2014.com/blog-entry-47715.html,（独立系を含む）デイリー合算ランキング：20241125(月),2024-11-25T00:00:00,2024-11-26T00:53:00.000Z,,,,,,,,,,
https://mimorin2014.com/blog-entry-47722.html,（独立系を含む）デイリー合算ランキング：20241126(火),2024-11-26T00:00:00,2024-11-27T00:53:00.000Z,,,,,,,,,,
https://mimorin2014.com/blog-entry-47729.html,（独立系を含む）デイリー合算ランキング：20241127(水),2024-11-27T00:00:00,2024-11-28T00:53:00.000Z,,,,,,,,,,
https://mimorin2014.com/blog-entry-47736.html,（独立系を含む）デイリー合算ランキング：20241128(木),2024-11-28T00:00:00,2024-11-29T00:53:00.000Z,25.0,550.0,5040.0,42.0,35.0,233.1,も～っと煌めく!KING OF PRISM －Dramatic PRISM.1－,,79341.0,142813800.0
https://mimorin2014.com/blog-entry-47743.html,（独立系を含む）デイリー合算ランキング：20241129(金),2024-11-29T00:00:00,2024-11-30T00:53:00.000Z,,,,,,,,,,
https://mimorin2014.com/blog-entry-47752.html,（独立系を含む）デイリー合算ランキング：20241130(土),2024-11-30T00:00:00,2024-12-01T00:53:00.000Z,,,,,,,,,,
https://mimorin2014.com/blog-entry-47759.html,（独立系を含む）デイリー合算ランキング：20241201(日),2024-12-01T00:00:00,2024-12-02T00:53:00.000Z,,,,,,,,,,
https://mimorin2014.com/blog-entry-47768.html,（独立系を含む）デイリー合算ランキング：20241202(月),2024-12-02T00:00:00,2024-12-03T00:53:00.000Z,,,,,,,,,,
https://mimorin2014.com/blog-entry-47775.html,（独立系を含む）デイリー合算ランキング：20241203(火),2024-12-03T00:00:00,2024-12-04T00:53:00.000Z,,,,,,,,,,
https://mimorin2014.com/blog-entry-47782.html,（独立系を含む）デイリー合算ランキング：20241204(水),2024-12-04T00:00:00,2024-12-05T00:53:00.000Z,,,,,,,,,,
https://mimorin2014.com/blog-entry-47789.html,（独立系を含む）デイリー合算ランキング：20241205(木),2024-12-05T00:00:00,2024-12-06T00:53:00.000Z,,,,,,,,,,
https://mimorin2014.com/blog-entry-47796.html,（独立系を含む）デイリー合算ランキング：20241206(金),2024-12-06T00:00:00,2024-12-07T00:53:00.000Z,,,,,,,,,,
https://mimorin2014.com/blog-entry-47805.html,（独立系を含む）デイリー合算ランキング：20241207(土),2024-12-07T00:00:00,2024-12-08T00:53:00.000Z,,,,,,,,,,
https://mimorin2014.com/blog-entry-47812.html,（独立系を含む）デイリー合算ランキング：20241208(日),2024-12-08T00:00:00,2024-12-09T00:53:00.000Z,,,,,,,,,,
https://mimorin2014.com/blog-entry-47821.html,（独立系を含む）デイリー合算ランキング：20241209(月),2024-12-09T00:00:00,2024-12-10T00:53:00.000Z,,,,,,,,,,
https://mimorin2014.com/blog-entry-47828.html,（独立系を含む）デイリー合算ランキング：20241210(火),2024-12-10T00:00:00,2024-12-11T00:53:00.000Z,,,,,,,,,,
https://mimorin2014.com/blog-entry-47835.html,（独立系を含む）デイリー合算ランキング：20241211(水),2024-12-11T00:00:00,2024-12-12T00:53:00.000Z,,,,,,,,,,
https://mimorin2014.com/blog-entry-47842.html,（独立系を含む）デイリー合算ランキング：20241212(木),2024-12-12T00:00:00,2024-12-13T00:53:00.000Z,,,,,,,,,,
https://mimorin2014.com/blog-entry-47849.html,（独立系を含む）デイリー合算ランキング：20241213(金),2024-12-13T00:00:00,2024-12-14T00:53:00.000Z,,,,,,,,,,
https://mimorin2014.com/blog-entry-47858.html,（独立系を含む）デイリー合算ランキング：20241214(土),2024-12-14T00:00:00,2024-12-15T00:53:00.000Z,,,,,,,,,,
https://mimorin2014.com/blog-entry-47865.html,（独立系を含む）デイリー合算ランキング：20241215(日),2024-12-15T00:00:00,2024-12-16T00:53:00.000Z,,,,,,,,,,
https://mimorin2014.com/blog-entry-47874.html,（独立系を含む）デイリー合算ランキング：20241216(月),2024-12-16T00:00:00,2024-12-17T00:53:00.000Z,,,,,,,,,,
https://mimorin2014.com/blog-entry-47881.html,（独立系を含む）デイリー合算ランキング：20241217(火),2024-12-17T00:00:00,2024-12-18T00:53:00.000Z,,,,,,,,,,
https://mimorin2014.com/blog-entry-47888.html,（独立系を含む）デイリー合算ランキング：20241218(水),2024-12-18T00:00:00,2024-12-19T00:53:00.000Z,,,,,,,,,,
https://mimorin2014.com/blog-entry-47895.html,（独立系を含む）デイリー合算ランキング：20241219(木),2024-12-19T00:00:00,2024-12-20T00:53:00.000Z,,,,,,,,,,
https://mimorin2014.com/blog-entry-47902.html,（独立系を含む）デイリー合算ランキング：20241220(金),2024-12-20T00:00:00,2024-12-21T00:53:00.000Z,,,,,,,,,,
https://mimorin2014.com/blog-entry-47911.html,（独立系を含む）デイリー合算ランキング：20241221(土),2024-12-21T00:00:00,2024-12-22T00:53:00.000Z,,,,,,,,,,
https://mimorin2014.com/blog-entry-47918.html,（独立系を含む）デイリー合算ランキング：20241222(日),2024-12-22T00:00:00,2024-12-23T00:53:00.000Z,,,,,,,,,,
https://mimorin2014.com/blog-entry-47927.html,（独立系を含む）デイリー合算ランキング：20241223(月),2024-12-23T00:00:00,2024-12-24T00:53:00.000Z,,,,,,,,,,
https://mimorin2014.com/blog-entry-47934.html,（独立系を含む）デイリー合算ランキング：20241224(火),2024-12-24T00:00:00,2024-12-25T00:53:00.000Z,,,,,,,,,,
https://mimorin2014.com/blog-entry-47941.html,（独立系を含む）デイリー合算ランキング：20241225(水),2024-12-25T00:00:00,2024-12-26T00:53:00.000Z,,,,,,,,,,
https://mimorin2014.com/blog-entry-47948.html,（独立系を含む）デイリー合算ランキング：20241226(木),2024-12-26T00:00:00,2024-12-27T00:53:00.000Z,,,,,,,,,,
https://mimorin2014.com/blog-entry-47955.html,（独立系を含む）デイリー合算ランキング：20241227(金),2024-12-27T00:00:00,2024-12-28T00:53:00.000Z,,,,,,,,,,
https://mimorin2014.com/blog-entry-47964.html,（独立系を含む）デイリー合算ランキング：20241228(土),2024-12-28T00:00:00,2024-12-29T00:53:00.000Z,,,,,,,,,,
https://mimorin2014.com/blog-entry-47971.html,（独立系を含む）デイリー合算ランキング：20241229(日),2024-12-29T00:00:00,2024-12-30T00:53:00.000Z,,,,,,,,,,
https://mimorin2014.com/blog-entry-47980.html,（独立系を含む）デイリー合算ランキング：20241230(月),2024-12-30T00:00:00,2024-12-31T00:53:00.000Z,,,,,,,,,,
https://mimorin2014.com/blog-entry-47987.html,（独立系を含む）デイリー合算ランキング：20241231(火),2024-12-31T00:00:00,2025-01-01T00:53:00.000Z,,,,,,,,,,
https://mimorin2014.com/blog-entry-47994.html,（独立系を含む）デイリー合算ランキング：20250101(水),2025-01-01T00:00:00,2025-01-02T00:53:00.000Z,,,,,,,,,,
https://mimorin2014.com/blog-entry-48001.html,（独立系を含む）デイリー合算ランキング：20250102(木),2025-01-02T00:00:00,2025-01-03T00:53:00.000Z,,,,,,,,,,
https://mimorin2014.com/blog-entry-48008.html,（独立系を含む）デイリー合算ランキング：20250103(金),2025-01-03T00:00:00,2025-01-04T00:53:00.000Z,,,,,,,,,,
https://mimorin2014.com/blog-entry-48017.html,（独立系を含む）デイリー合算ランキング：20250104(土),2025-01-04T00:00:00,2025-01-05T00:53:00.000Z,,,,,,,,,,
https://mimorin2014.com/blog-entry-48024.html,（独立系を含む）デイリー合算ランキング：20250105(日),2025-01-05T00:00:00,2025-01-06T00:53:00.000Z,,,,,,,,,,
https://mimorin2014.com/blog-entry-48033.html,（独立系を含む）デイリー合算ランキング：20250106(月),2025-01-06T00:00:00,2025-01-07T00:53:00.000Z,,,,,,,,,,
https://mimorin2014.com/blog-entry-48040.html,（独立系を含む）デイリー合算ランキング：20250107(火),2025-01-07T00:00:00,2025-01-08T00:53:00.000Z,,,,,,,,,,
https://mimorin2014.com/blog-entry-48047.html,（独立系を含む）デイリー合算ランキング：20250108(水),2025-01-08T00:00:00,2025-01-09T00:53:00.000Z,,,,,,,,,,
https://mimorin2014.com/blog-entry-48054.html,（独立系を含む）デイリー合算ランキング：20250109(木),2025-01-09T00:00:00,2025-01-10T00:53:00.000Z,,,,,,,,,,
https://mimorin2014.com/blog-entry-48061.html,（独立系を含む）デイリー合算ランキング：20250110(金),2025-01-10T00:00:00,2025-01-11T00:53:00.000Z,,,,,,,,,,
https://mimorin2014.com/blog-entry-48070.html,（独立系を含む）デイリー合算ランキング：20250111(土),2025-01-11T00:00:00,2025-01-12T00:53:00.000Z,,,,,,,,,,
https://mimorin2014.com/blog-entry-48077.html,（独立系を含む）デイリー合算ランキング：20250112(日),2025-01-12T00:00:00,2025-01-13T00:53:00.000Z,,,,,,,,,,
https://mimorin2014.com/blog-entry-48086.html,（独立系を含む）デイリー合算ランキング：20250113(月),2025-01-13T00:00:00,2025-01-14T00:53:00.000Z,,,,,,,,,,
https://mimorin2014.com/blog-entry-48093.html,（独立系を含む）デイリー合算ランキング：20250114(火),2025-01-14T00:00:00,2025-01-15T00:53:00.000Z,,,,,,,,,,
https://mimorin2014.com/blog-entry-48100.html,（独立系を含む）デイリー合算ランキング：20250115(水),2025-01-15T00:00:00,2025-01-16T00:53:00.000Z,,,,,,,,,,
https://mimorin2014.com/blog-entry-48107.html,（独立系を含む）デイリー合算ランキング：20250116(木),2025-01-16T00:00:00,2025-01-17T00:53:00.000Z,,,,,,,,,,
https://mimorin2014.com/blog-entry-48114.html,（独立系を含む）デイリー合算ランキング：20250117(金),2025-01-17T00:00:00,2025-01-18T00:53:00.000Z,,,,,,,,,,
https://mimorin2014.com/blog-entry-48123.html,（独立系を含む）デイリー合算ランキング：20250118(土),2025-01-18T00:00:00,2025-01-19T00:53:00.000Z,,,,,,,,,,
https://mimorin2014.com/blog-entry-48130.html,（独立系を含む）デイリー合算ランキング：20250119(日),2025-01-19T00:00:00,2025-01-20T00:53:00.000Z,,,,,,,,,,
https://mimorin2014.com/blog-entry-48139.html,（独立系を含む）デイリー合算ランキング：20250120(月),2025-01-20T00:00:00,2025-01-21T00:53:00.000Z,,,,,,,,,,
https://mimorin2014.com/blog-entry-48146.html,（独立系を含む）デイリー合算ランキング：20250121(火),2025-01-21T00:00:00,2025-01-22T00:53:00.000Z,,,,,,,,,,
https://mimorin2014.com/blog-entry-48152.html,（独立系を含む）デイリー合算ランキング：20250122(水),2025-01-22T00:00:00,2025-01-23T00:53:00.000Z,,,,,,,,,,
https://mimorin2014.com/blog-entry-48159.html,（独立系を含む）デイリー合算ランキング：20250123(木),2025-01-23T00:00:00,2025-01-24T00:53:00.000Z,,,,,,,,,,
https://mimorin2014.com/blog-entry-48166.html,（独立系を含む）デイリー合算ランキング：20250124(金),2025-01-24T00:00:00,2025-01-25T00:53:00.000Z,,,,,,,,,,
https://mimorin2014.com/blog-entry-48175.html,（独立系を含む）デイリー合算ランキング：20250125(土),2025-01-25T00:00:00,2025-01-26T00:53:00.000Z,,,,,,,,,,
https://mimorin2014.com/blog-entry-48182.html,（独立系を含む）デイリー合算ランキング：20250126(日),2025-01-26T00:00:00,2025-01-27T00:53:00.000Z,,,,,,,,,,
https://mimorin2014.com/blog-entry-48191.html,（独立系を含む）デイリー合算ランキング：20250127(月),2025-01-27T00:00:00,2025-01-28T00:53:00.000Z,,,,,,,,,,
https://mimorin2014.com/blog-entry-48198.html,（独立系を含む）デイリー合算ランキング：20250128(火),2025-01-28T00:00:00,2025-01-29T00:53:00.000Z,,,,,,,,,,
https://mimorin2014.com/blog-entry-48205.html,（独立系を含む）デイリー合算ランキング：20250129(水),2025-01-29T00:00:00,2025-01-30T00:53:00.000Z,,,,,,,,,,
https://mimorin2014.com/blog-entry-48212.html,（独立系を含む）デイリー合算ランキング：20250130(木),2025-01-30T00:00:00,2025-01-31T00:53:00.000Z,,,,,,,,,,
https://mimorin2014.com/blog-entry-48220.html,（独立系を含む）デイリー合算ランキング：20250131(金),2025-01-31T00:00:00,2025-02-01T00:53:00.000Z,,,,,,,,,,
https://mimorin2014.com/blog-entry-48229.html,（独立系を含む）デイリー合算ランキング：20250201(土),2025-02-01T00:00:00,2025-02-02T00:53:00.000Z,,,,,,,,,,
https://mimorin2014.com/blog-entry-48236.html,（独立系を含む）デイリー合算ランキング：20250202(日),2025-02-02T00:00:00,2025-02-03T00:53:00.000Z,,,,,,,,,,
https://mimorin2014.com/blog-entry-48245.html,（独立系を含む）デイリー合算ランキング：20250203(月),2025-02-03T00:00:00,2025-02-04T00:53:00.000Z,,,,,,,,,,
https://mimorin2014.com/blog-entry-48252.html,（独立系を含む）デイリー合算ランキング：20250204(火),2025-02-04T00:00:00,2025-02-05T00:53:00.000Z,,,,,,,,,,
https://mimorin2014.com/blog-entry-48259.html,（独立系を含む）デイリー合算ランキング：20250205(水),2025-02-05T00:00:00,2025-02-06T00:53:00.000Z,,,,,,,,,,
https://mimorin2014.com/blog-entry-48266.html,（独立系を含む）デイリー合算ランキング：20250206(木),2025-02-06T00:00:00,2025-02-07T00:53:00.000Z,,,,,,,,,,
https://mimorin2014.com/blog-entry-48273.html,（独立系を含む）デイリー合算ランキング：20250207(金),2025-02-07T00:00:00,2025-02-08T00:53:00.000Z,,,,,,,,,,
https://mimorin2014.com/blog-entry-48282.html,（独立系を含む）デイリー合算ランキング：20250208(土),2025-02-08T00:00:00,2025-02-09T00:53:00.000Z,,,,,,,,,,
https://mimorin2014.com/blog-entry-48289.html,（独立系を含む）デイリー合算ランキング：20250209(日),2025-02-09T00:00:00,2025-02-10T00:53:00.000Z,,,,,,,,,,
https://mimorin2014.com/blog-entry-48298.html,（独立系を含む）デイリー合算ランキング：20250210(月),2025-02-10T00:00:00,2025-02-11T00:53:00.000Z,,,,,,,,,,
https://mimorin2014.com/blog-entry-48305.html,（独立系を含む）デイリー合算ランキング：20250211(火),2025-02-11T00:00:00,2025-02-12T00:53:00.000Z,,,,,,,,,,
https://mimorin2014.com/blog-entry-48312.html,（独立系を含む）デイリー合算ランキング：20250212(水),2025-02-12T00:00:00,2025-02-13T00:53:00.000Z,,,,,,,,,,
https://mimorin2014.com/blog-entry-48319.html,（独立系を含む）デイリー合算ランキング：20250213(木),2025-02-13T00:00:00,2025-02-14T00:53:00.000Z,,,,,,,,,,
https://mimorin2014.com/blog-entry-48326.html,（独立系を含む）デイリー合算ランキング：20250214(金),2025-02-14T00:00:00,2025-02-15T00:53:00.000Z,,,,,,,,,,
https://mimorin2014.com/blog-entry-48335.html,（独立系を含む）デイリー合算ランキング：20250215(土),2025-02-15T00:00:00,2025-02-16T00:53:00.000Z,,,,,,,,,,
https://mimorin2014.com/blog-entry-48342.html,（独立系を含む）デイリー合算ランキング：20250216(日),2025-02-16T00:00:00,2025-02-17T00:53:00.000Z,,,,,,,,,,
https://mimorin2014.com/blog-entry-48351.html,（独立系を含む）デイリー合算ランキング：20250217(月),2025-02-17T00:00:00,2025-02-18T00:53:00.000Z,,,,,,,,,,
https://mimorin2014.com/blog-entry-48358.html,（独立系を含む）デイリー合算ランキング：20250218(火),2025-02-18T00:00:00,2025-02-19T00:53:00.000Z,,,,,,,,,,
https://mimorin2014.com/blog-entry-48365.html,（独立系を含む）デイリー合算ランキング：20250219(水),2025-02-19T00:00:00,2025-02-20T00:53:00.000Z,,,,,,,,,,
https://mimorin2014.com/blog-entry-48372.html,（独立系を含む）デイリー合算ランキング：20250220(木),2025-02-20T00:00:00,2025-02-21T00:53:00.000Z,,,,,,,,,,
https://mimorin2014.com/blog-entry-48379.html,（独立系を含む）デイリー合算ランキング：20250221(金),2025-02-21T00:00:00,2025-02-22T00:53:00.000Z,,,,,,,,,,
https://mimorin2014.com/blog-entry-48388.html,（独立系を含む）デイリー合算ランキング：20250222(土),2025-02-22T00:00:00,2025-02-23T00:53:00.000Z,,,,,,,,,,
https://mimorin2014.com/blog-entry-48395.html,（独立系を含む）デイリー合算ランキング：20250223(日),2025-02-23T00:00:00,2025-02-24T00:53:00.000Z,,,,,,,,,,
https://mimorin2014.com/blog-entry-48404.html,（独立系を含む）デイリー合算ランキング：20250224(月),2025-02-24T00:00:00,2025-02-25T00:53:00.000Z,,,,,,,,,,
https://mimorin2014.com/blog-entry-48411.html,（独立系を含む）デイリー合算ランキング：20250225(火),2025-02-25T00:00:00,2025-02-26T00:53:00.000Z,,,,,,,,,,
https://mimorin2014.com/blog-entry-48418.html,（独立系を含む）デイリー合算ランキング：20250226(水),2025-02-26T00:00:00,2025-02-27T00:53:00.000Z,,,,,,,,,,
https://mimorin2014.com/blog-entry-48425.html,（独立系を含む）デイリー合算ランキング：20250227(木),2025-02-27T00:00:00,2025-02-28T00:53:00.000Z,,,,,,,,,,
https://mimorin2014.com/blog-entry-48432.html,（独立系を含む）デイリー合算ランキング：20250228(金),2025-02-28T00:00:00,2025-03-01T00:53:00.000Z,,,,,,,,,,
https://mimorin2014.com/blog-entry-48441.html,（独立系を含む）デイリー合算ランキング：20250301(土),2025-03-01T00:00:00,2025-03-02T00:53:00.000Z,,,,,,,,,,
https://mimorin2014.com/blog-entry-48448.html,（独立系を含む）デイリー合算ランキング：20250302(日),2025-03-02T00:00:00,2025-03-03T00:53:00.000Z,,,,,,,,,,
https://mimorin2014.com/blog-entry-48457.html,（独立系を含む）デイリー合算ランキング：20250303(月),2025-03-03T00:00:00,2025-03-04T00:53:00.000Z,,,,,,,,,,
https://mimorin2014.com/blog-entry-48464.html,（独立系を含む）デイリー合算ランキング：20250304(火),2025-03-04T00:00:00,2025-03-05T00:53:00.000Z,,,,,,,,,,
https://mimorin2014.com/blog-entry-48471.html,（独立系を含む）デイリー合算ランキング：20250305(水),2025-03-05T00:00:00,2025-03-06T00:53:00.000Z,,,,,,,,,,
https://mimorin2014.com/blog-entry-48478.html,（独立系を含む）デイリー合算ランキング：20250306(木),2025-03-06T00:00:00,2025-03-07T00:53:00.000Z,,,,,,,,,,
https://mimorin2014.com/blog-entry-48481.html,（独立系を含む）デイリー合算ランキング：20250307(金),2025-03-07T00:00:00,2025-03-08T00:53:00.000Z,,,,,,,,,,
https://mimorin2014.com/blog-entry-48490.html,（独立系を含む）デイリー合算ランキング：20250308(土),2025-03-08T00:00:00,2025-03-09T00:53:00.000Z,,,,,,,,,,
https://mimorin2014.com/blog-entry-48497.html,（独立系を含む）デイリー合算ランキング：20250309(日),2025-03-09T00:00:00,2025-03-10T00:53:00.000Z,,,,,,,,,,
https://mimorin2014.com/blog-entry-48506.html,（独立系を含む）デイリー合算ランキング：20250310(月),2025-03-10T00:00:00,2025-03-11T00:53:00.000Z,,,,,,,,,,
https://mimorin2014.com/blog-entry-48513.html,（独立系を含む）デイリー合算ランキング：20250311(火),2025-03-11T00:00:00,2025-03-12T00:53:00.000Z,,,,,,,,,,
https://mimorin2014.com/blog-entry-48520.html,（独立系を含む）デイリー合算ランキング：20250312(水),2025-03-12T00:00:00,2025-03-13T00:53:00.000Z,,,,,,,,,,
https://mimorin2014.com/blog-entry-48527.html,（独立系を含む）デイリー合算ランキング：20250313(木),2025-03-13T00:00:00,2025-03-14T00:53:00.000Z,,,,,,,,,,
https://mimorin2014.com/blog-entry-48534.html,（独立系を含む）デイリー合算ランキング：20250314(金),2025-03-14T00:00:00,2025-03-15T00:53:00.000Z,,,,,,,,,,
https://mimorin2014.com/blog-entry-48543.html,（独立系を含む）デイリー合算ランキング：20250315(土),2025-03-15T00:00:00,2025-03-16T00:53:00.000Z,,,,,,,,,,
https://mimorin2014.com/blog-entry-48550.html,（独立系を含む）デイリー合算ランキング：20250316(日),2025-03-16T00:00:00,2025-03-17T00:53:00.000Z,,,,,,,,,,
https://mimorin2014.com/blog-entry-48559.html,（独立系を含む）デイリー合算ランキング：20250317(月),2025-03-17T00:00:00,2025-03-18T00:53:00.000Z,,,,,,,,,,
https://mimorin2014.com/blog-entry-48566.html,（独立系を含む）デイリー合算ランキング：20250318(火),2025-03-18T00:00:00,2025-03-19T00:53:00.000Z,,,,,,,,,,
https://mimorin2014.com/blog-entry-48573.html,（独立系を含む）デイリー合算ランキング：20250319(水),2025-03-19T00:00:00,2025-03-20T00:53:00.000Z,,,,,,,,,,
https://mimorin2014.com/blog-entry-48580.html,（独立系を含む）デイリー合算ランキング：20250320(木),2025-03-20T00:00:00,2025-03-21T00:53:00.000Z,,,,,,,,,,
https://mimorin2014.com/blog-entry-48587.html,（独立系を含む）デイリー合算ランキング：20250321(金),2025-03-21T00:00:00,2025-03-22T00:53:00.000Z,,,,,,,,,,
https://mimorin2014.com/blog-entry-48596.html,（独立系を含む）デイリー合算ランキング：20250322(土),2025-03-22T00:00:00,2025-03-23T00:53:00.000Z,,,,,,,,,,
https://mimorin2014.com/blog-entry-48603.html,（独立系を含む）デイリー合算ランキング：20250323(日),2025-03-23T00:00:00,2025-03-24T00:53:00.000Z,,,,,,,,,,
https://mimorin2014.com/blog-entry-48612.html,（独立系を含む）デイリー合算ランキング：20250324(月),2025-03-24T00:00:00,2025-03-25T00:53:00.000Z,,,,,,,,,,
https://mimorin2014.com/blog-entry-48619.html,（独立系を含む）デイリー合算ランキング：20250325(火),2025-03-25T00:00:00,2025-03-26T00:53:00.000Z,,,,,,,,,,
https://mimorin2014.com/blog-entry-48626.html,（独立系を含む）デイリー合算ランキング：20250326(水),2025-03-26T00:00:00,2025-03-27T00:53:00.000Z,,,,,,,,,,
https://mimorin2014.com/blog-entry-48633.html,（独立系を含む）デイリー合算ランキング：20250327(木),2025-03-27T00:00:00,2025-03-28T00:53:00.000Z,,,,,,,,,,
https://mimorin2014.com/blog-entry-48656.html,（独立系を含む）デイリー合算ランキング：20250330(日),2025-03-30T00:00:00,2025-03-31T00:53:00.000Z,,,,,,,,,,
https://mimorin2014.com/blog-entry-48665.html,（独立系を含む）デイリー合算ランキング：20250331(月),2025-03-31T00:00:00,2025-04-01T00:53:00.000Z,,,,,,,,,,
https://mimorin2014.com/blog-entry-48672.html,（独立系を含む）デイリー合算ランキング：20250401(火),2025-04-01T00:00:00,2025-04-02T00:53:00.000Z,,,,,,,,,,
https://mimorin2014.com/blog-entry-48679.html,（独立系を含む）デイリー合算ランキング：20250402(水),2025-04-02T00:00:00,2025-04-03T00:53:00.000Z,,,,,,,,,,
https://mimorin2014.com/blog-entry-48686.html,（独立系を含む）デイリー合算ランキング：20250403(木),2025-04-03T00:00:00,2025-04-04T00:53:00.000Z,,,,,,,,,,
https://mimorin2014.com/blog-entry-48693.html,（独立系を含む）デイリー合算ランキング：20250404(金),2025-04-04T00:00:00,2025-04-05T00:53:00.000Z,,,,,,,,,,
https://mimorin2014.com/blog-entry-48702.html,（独立系を含む）デイリー合算ランキング：20250405(土),2025-04-05T00:00:00,2025-04-06T00:53:00.000Z,,,,,,,,,,
https://mimorin2014.com/blog-entry-48709.html,（独立系を含む）デイリー合算ランキング：20250406(日),2025-04-06T00:00:00,2025-04-07T00:53:00.000Z,,,,,,,,,,
https://mimorin2014.com/blog-entry-48718.html,（独立系を含む）デイリー合算ランキング：20250407(月),2025-04-07T00:00:00,2025-04-08T00:53:00.000Z,,,,,,,,,,
https://mimorin2014.com/blog-entry-48732.html,（独立系を含む）デイリー合算ランキング：20250409(水),2025-04-09T00:00:00,2025-04-10T00:53:00.000Z,,,,,,,,,,
https://mimorin2014.com/blog-entry-48739.html,（独立系を含む）デイリー合算ランキング：20250410(木),2025-04-10T00:00:00,2025-04-11T00:53:00.000Z,,,,,,,,,,
https://mimorin2014.com/blog-entry-48746.html,（独立系を含む）デイリー合算ランキング：20250411(金),2025-04-11T00:00:00,2025-04-12T00:53:00.000Z,,,,,,,,,,
https://mimorin2014.com/blog-entry-48755.html,（独立系を含む）デイリー合算ランキング：20250412(土),2025-04-12T00:00:00,2025-04-13T00:53:00.000Z,,,,,,,,,,
https://mimorin2014.com/blog-entry-48762.html,（独立系を含む）デイリー合算ランキング：20250413(日),2025-04-13T00:00:00,2025-04-14T00:53:00.000Z,,,,,,,,,,
https://mimorin2014.com/blog-entry-48772.html,（独立系を含む）デイリー合算ランキング：20250414(月),2025-04-14T00:00:00,2025-04-15T00:53:00.000Z,,,,,,,,,,
https://mimorin2014.com/blog-entry-48779.html,（独立系を含む）デイリー合算ランキング：20250415(火),2025-04-15T00:00:00,2025-04-16T00:53:00.000Z,,,,,,,,,,
https://mimorin2014.com/blog-entry-48786.html,（独立系を含む）デイリー合算ランキング：20250416(水),2025-04-16T00:00:00,2025-04-17T00:53:00.000Z,,,,,,,,,,
https://mimorin2014.com/blog-entry-48794.html,（独立系を含む）デイリー合算ランキング：20250417(木),2025-04-17T00:00:00,2025-04-18T00:53:00.000Z,,,,,,,,,,
https://mimorin2014.com/blog-entry-48802.html,（独立系を含む）デイリー合算ランキング：20250418(金),2025-04-18T00:00:00,2025-04-19T00:53:00.000Z,,,,,,,,,,
https://mimorin2014.com/blog-entry-48811.html,（独立系を含む）デイリー合算ランキング：20250419(土),2025-04-19T00:00:00,2025-04-20T00:53:00.000Z,,,,,,,,,,
https://mimorin2014.com/blog-entry-48818.html,（独立系を含む）デイリー合算ランキング：20250420(日),2025-04-20T00:00:00,2025-04-21T00:53:00.000Z,,,,,,,,,,
https://mimorin2014.com/blog-entry-48834.html,（独立系を含む）デイリー合算ランキング：20250422(火),2025-04-22T00:00:00,2025-04-23T00:53:00.000Z,,,,,,,,,,
https://mimorin2014.com/blog-entry-48841.html,（独立系を含む）デイリー合算ランキング：20250423(水),2025-04-23T00:00:00,2025-04-24T00:53:00.000Z,,,,,,,,,,
https://mimorin2014.com/blog-entry-48848.html,（独立系を含む）デイリー合算ランキング：20250424(木),2025-04-24T00:00:00,2025-04-25T00:53:00.000Z,,,,,,,,,,
https://mimorin2014.com/blog-entry-48855.html,（独立系を含む）デイリー合算ランキング：20250425(金),2025-04-25T00:00:00,2025-04-26T00:53:00.000Z,,,,,,,,,,
https://mimorin2014.com/blog-entry-48871.html,（独立系を含む）デイリー合算ランキング：20250427(日),2025-04-27T00:00:00,2025-04-28T00:53:00.000Z,,,,,,,,,,
https://mimorin2014.com/blog-entry-48880.html,（独立系を含む）デイリー合算ランキング：20250428(月),2025-04-28T00:00:00,2025-04-29T00:53:00.000Z,,,,,,,,,,
https://mimorin2014.com/blog-entry-48887.html,（独立系を含む）デイリー合算ランキング：20250429(火),2025-04-29T00:00:00,2025-04-30T00:53:00.000Z,,,,,,,,,,
https://mimorin2014.com/blog-entry-48894.html,（独立系を含む）デイリー合算ランキング：20250430(水),2025-04-30T00:00:00,2025-05-01T00:53:00.000Z,,,,,,,,,,
https://mimorin2014.com/blog-entry-48901.html,（独立系を含む）デイリー合算ランキング：20250501(木),2025-05-01T00:00:00,2025-05-02T00:53:00.000Z,,,,,,,,,,
https://mimorin2014.com/blog-entry-48908.html,（独立系を含む）デイリー合算ランキング：20250502(金),2025-05-02T00:00:00,2025-05-03T00:53:00.000Z,,,,,,,,,,
https://mimorin2014.com/blog-entry-48917.html,（独立系を含む）デイリー合算ランキング：20250503(土),2025-05-03T00:00:00,2025-05-04T00:53:00.000Z,,,,,,,,,,
https://mimorin2014.com/blog-entry-48924.html,（独立系を含む）デイリー合算ランキング：20250504(日),2025-05-04T00:00:00,2025-05-05T00:53:00.000Z,,,,,,,,,,
https://mimorin2014.com/blog-entry-48933.html,（独立系を含む）デイリー合算ランキング：20250505(月),2025-05-05T00:00:00,2025-05-06T00:53:00.000Z,,,,,,,,,,
https://mimorin2014.com/blog-entry-48940.html,（独立系を含む）デイリー合算ランキング：20250506(火),2025-05-06T00:00:00,2025-05-07T00:53:00.000Z,,,,,,,,,,
https://mimorin2014.com/blog-entry-48947.html,（独立系を含む）デイリー合算ランキング：20250507(水),2025-05-07T00:00:00,2025-05-08T00:53:00.000Z,,,,,,,,,,
https://mimorin2014.com/blog-entry-48954.html,（独立系を含む）デイリー合算ランキング：20250508(木),2025-05-08T00:00:00,2025-05-09T00:53:00.000Z,,,,,,,,,,
https://mimorin2014.com/blog-entry-48961.html,（独立系を含む）デイリー合算ランキング：20250509(金),2025-05-09T00:00:00,2025-05-10T00:53:00.000Z,,,,,,,,,,
https://mimorin2014.com/blog-entry-48970.html,（独立系を含む）デイリー合算ランキング：20250510(土),2025-05-10T00:00:00,2025-05-11T00:53:00.000Z,,,,,,,,,,
https://mimorin2014.com/blog-entry-48977.html,（独立系を含む）デイリー合算ランキング：20250511(日),2025-05-11T00:00:00,2025-05-12T00:53:00.000Z,,,,,,,,,,
https://mimorin2014.com/blog-entry-48986.html,（独立系を含む）デイリー合算ランキング：20250512(月),2025-05-12T00:00:00,2025-05-13T00:53:00.000Z,,,,,,,,,,
https://mimorin2014.com/blog-entry-48993.html,（独立系を含む）デイリー合算ランキング：20250513(火),2025-05-13T00:00:00,2025-05-14T00:53:00.000Z,,,,,,,,,,
https://mimorin2014.com/blog-entry-49000.html,（独立系を含む）デイリー合算ランキング：20250514(水),2025-05-14T00:00:00,2025-05-15T00:53:00.000Z,,,,,,,,,,
https://mimorin2014.com/blog-entry-49007.html,（独立系を含む）デイリー合算ランキング：20250515(木),2025-05-15T00:00:00,2025-05-16T00:53:00.000Z,,,,,,,,,,
https://mimorin2014.com/blog-entry-49023.html,（独立系を含む）デイリー合算ランキング：20250517(土),2025-05-17T00:00:00,2025-05-18T00:53:00.000Z,,,,,,,,,,
https://mimorin2014.com/blog-entry-49030.html,（独立系を含む）デイリー合算ランキング：20250518(日),2025-05-18T00:00:00,2025-05-19T00:53:00.000Z,,,,,,,,,,
https://mimorin2014.com/blog-entry-49039.html,（独立系を含む）デイリー合算ランキング：20250519(月),2025-05-19T00:00:00,2025-05-20T00:53:00.000Z,,,,,,,,,,
https://mimorin2014.com/blog-entry-49046.html,（独立系を含む）デイリー合算ランキング：20250520(火),2025-05-20T00:00:00,2025-05-21T00:53:00.000Z,,,,,,,,,,
https://mimorin2014.com/blog-entry-49053.html,（独立系を含む）デイリー合算ランキング：20250521(水),2025-05-21T00:00:00,2025-05-22T00:53:00.000Z,,,,,,,,,,
https://mimorin2014.com/blog-entry-49060.html,（独立系を含む）デイリー合算ランキング：20250522(木),2025-05-22T00:00:00,2025-05-23T00:53:00.000Z,,,,,,,,,,
https://mimorin2014.com/blog-entry-49067.html,（独立系を含む）デイリー合算ランキング：20250523(金),2025-05-23T00:00:00,2025-05-24T00:53:00.000Z,,,,,,,,,,
https://mimorin2014.com/blog-entry-49076.html,（独立系を含む）デイリー合算ランキング：20250524(土),2025-05-24T00:00:00,2025-05-25T00:53:00.000Z,,,,,,,,,,
https://mimorin2014.com/blog-entry-49106.html,（独立系を含む）デイリー合算ランキング：20250528(水),2025-05-28T00:00:00,2025-05-29T00:53:00.000Z,,,,,,,,,,
https://mimorin2014.com/blog-entry-49113.html,（独立系を含む）デイリー合算ランキング：20250529(木),2025-05-29T00:00:00,2025-05-30T00:53:00.000Z,,,,,,,,,,
https://mimorin2014.com/blog-entry-49129.html,（独立系を含む）デイリー合算ランキング：20250531(土),2025-05-31T00:00:00,2025-06-01T00:53:00.000Z,,,,,,,,,,
https://mimorin2014.com/blog-entry-49136.html,（独立系を含む）デイリー合算ランキング：20250601(日),2025-06-01T00:00:00,2025-06-02T00:53:00.000Z,,,,,,,,,,
https://mimorin2014.com/blog-entry-49145.html,（独立系を含む）デイリー合算ランキング：20250602(月),2025-06-02T00:00:00,2025-06-03T00:53:00.000Z,,,,,,,,,,
https://mimorin2014.com/blog-entry-49152.html,（独立系を含む）デイリー合算ランキング：20250603(火),2025-06-03T00:00:00,2025-06-04T00:53:00.000Z,,,,,,,,,,
https://mimorin2014.com/blog-entry-49159.html,（独立系を含む）デイリー合算ランキング：20250604(水),2025-06-04T00:00:00,2025-06-05T00:53:00.000Z,,,,,,,,,,
https://mimorin2014.com/blog-entry-49166.html,（独立系を含む）デイリー合算ランキング：20250605(木),2025-06-05T00:00:00,2025-06-06T00:53:00.000Z,,,,,,,,,,
https://mimorin2014.com/blog-entry-49173.html,（独立系を含む）デイリー合算ランキング：20250606(金),2025-06-06T00:00:00,2025-06-07T00:53:00.000Z,,,,,,,,,,
https://mimorin2014.com/blog-entry-49182.html,（独立系を含む）デイリー合算ランキング：20250607(土),2025-06-07T00:00:00,2025-06-08T00:53:00.000Z,,,,,,,,,,
https://mimorin2014.com/blog-entry-49189.html,（独立系を含む）デイリー合算ランキング：20250608(日),2025-06-08T00:00:00,2025-06-09T00:53:00.000Z,,,,,,,,,,
https://mimorin2014.com/blog-entry-49198.html,（独立系を含む）デイリー合算ランキング：20250609(月),2025-06-09T00:00:00,2025-06-10T00:53:00.000Z,,,,,,,,,,
https://mimorin2014.com/blog-entry-49205.html,（独立系を含む）デイリー合算ランキング：20250610(火),2025-06-10T00:00:00,2025-06-11T00:53:00.000Z,,,,,,,,,,
https://mimorin2014.com/blog-entry-49212.html,（独立系を含む）デイリー合算ランキング：20250611(水),2025-06-11T00:00:00,2025-06-12T00:53:00.000Z,,,,,,,,,,
https://mimorin2014.com/blog-entry-49219.html,（独立系を含む）デイリー合算ランキング：20250612(木),2025-06-12T00:00:00,2025-06-13T00:53:00.000Z,,,,,,,,,,
https://mimorin2014.com/blog-entry-49226.html,（独立系を含む）デイリー合算ランキング：20250613(金),2025-06-13T00:00:00,2025-06-14T00:53:00.000Z,,,,,,,,,,
https://mimorin2014.com/blog-entry-49235.html,（独立系を含む）デイリー合算ランキング：20250614(土),2025-06-14T00:00:00,2025-06-15T00:53:00.000Z,,,,,,,,,,
https://mimorin2014.com/blog-entry-49242.html,（独立系を含む）デイリー合算ランキング：20250615(日),2025-06-15T00:00:00,2025-06-16T00:53:00.000Z,,,,,,,,,,
https://mimorin2014.com/blog-entry-49251.html,（独立系を含む）デイリー合算ランキング：20250616(月),2025-06-16T00:00:00,2025-06-17T00:53:00.000Z,,,,,,,,,,
https://mimorin2014.com/blog-entry-49258.html,（独立系を含む）デイリー合算ランキング：20250617(火),2025-06-17T00:00:00,2025-06-18T00:53:00.000Z,,,,,,,,,,
https://mimorin2014.com/blog-entry-49265.html,（独立系を含む）デイリー合算ランキング：20250618(水),2025-06-18T00:00:00,2025-06-19T00:53:00.000Z,,,,,,,,,,
https://mimorin2014.com/blog-entry-49272.html,（独立系を含む）デイリー合算ランキング：20250619(木),2025-06-19T00:00:00,2025-06-20T00:53:00.000Z,,,,,,,,,,
https://mimorin2014.com/blog-entry-49279.html,（独立系を含む）デイリー合算ランキング：20250620(金),2025-06-20T00:00:00,2025-06-21T00:53:00.000Z,,,,,,,,,,
https://mimorin2014.com/blog-entry-49288.html,（独立系を含む）デイリー合算ランキング：20250621(土),2025-06-21T00:00:00,2025-06-22T00:53:00.000Z,,,,,,,,,,
https://mimorin2014.com/blog-entry-49295.html,（独立系を含む）デイリー合算ランキング：20250622(日),2025-06-22T00:00:00,2025-06-23T00:53:00.000Z,,,,,,,,,,
https://mimorin2014.com/blog-entry-49304.html,（独立系を含む）デイリー合算ランキング：20250623(月),2025-06-23T00:00:00,2025-06-24T00:53:00.000Z,,,,,,,,,,
https://mimorin2014.com/blog-entry-49311.html,（独立系を含む）デイリー合算ランキング：20250624(火),2025-06-24T00:00:00,2025-06-25T00:53:00.000Z,,,,,,,,,,
https://mimorin2014.com/blog-entry-49318.html,（独立系を含む）デイリー合算ランキング：20250625(水),2025-06-25T00:00:00,2025-06-26T00:53:00.000Z,,,,,,,,,,
https://mimorin2014.com/blog-entry-49325.html,（独立系を含む）デイリー合算ランキング：20250626(木),2025-06-26T00:00:00,2025-06-27T00:53:00.000Z,,,,,,,,,,
https://mimorin2014.com/blog-entry-49332.html,（独立系を含む）デイリー合算ランキング：20250627(金),2025-06-27T00:00:00,2025-06-28T00:53:00.000Z,9.0,7826.0,29889.0,142.0,55.0,,KING OF PRISM Your Endless Call ルート1 われらが青春,,87167.0,156900600.0
https://mimorin2014.com/blog-entry-49342.html,（独立系を含む）デイリー合算ランキング：20250628(土),2025-06-28T00:00:00,2025-06-29T00:53:00.000Z,13.0,7630.0,32321.0,160.0,55.0,,KING OF PRISM Your Endless Call ルート1 われらが青春,,94797.0,170634600.0
https://mimorin2014.com/blog-entry-49349.html,（独立系を含む）デイリー合算ランキング：20250629(日),2025-06-29T00:00:00,2025-06-30T00:53:00.000Z,13.0,6718.0,34773.0,165.0,55.0,,KING OF PRISM Your Endless Call ルート1 われらが青春,,101515.0,182727000.0
https://mimorin2014.com/blog-entry-49359.html,（独立系を含む）デイリー合算ランキング：20250630(月),2025-06-30T00:00:00,2025-07-01T00:53:00.000Z,13.0,3613.0,49434.0,247.0,55.0,,KING OF PRISM Your Endless Call ルート1 われらが青春,,105128.0,189230400.0
https://mimorin2014.com/blog-entry-49367.html,（独立系を含む）デイリー合算ランキング：20250701(火),2025-07-01T00:00:00,2025-07-02T00:53:00.000Z,13.0,3602.0,50565.0,256.0,55.0,,KING OF PRISM Your Endless Call ルート1 われらが青春,,108730.0,195714000.0
https://mimorin2014.com/blog-entry-49375.html,（独立系を含む）デイリー合算ランキング：20250702(水),2025-07-02T00:00:00,2025-07-03T00:53:00.000Z,13.0,3877.0,50275.0,255.0,55.0,,KING OF PRISM Your Endless Call ルート1 われらが青春,,112607.0,202692600.0
https://mimorin2014.com/blog-entry-49382.html,（独立系を含む）デイリー合算ランキング：20250703(木),2025-07-03T00:00:00,2025-07-04T00:53:00.000Z,11.0,3494.0,50077.0,255.0,55.0,,KING OF PRISM Your Endless Call ルート1 われらが青春,,116101.0,208981800.0
https://mimorin2014.com/blog-entry-49389.html,（独立系を含む）デイリー合算ランキング：20250704(金),2025-07-04T00:00:00,2025-07-05T00:53:00.000Z,11.0,7677.0,22347.0,119.0,39.0,,KING OF PRISM Your Endless Call ルート2,,123778.0,222800400.0
https://mimorin2014.com/blog-entry-49398.html,（独立系を含む）デイリー合算ランキング：20250705(土),2025-07-05T00:00:00,2025-07-06T00:53:00.000Z,15.0,9181.0,22840.0,119.0,39.0,,KING OF PRISM Your Endless Call ルート2,,132959.0,239326200.0
https://mimorin2014.com/blog-entry-49405.html,（独立系を含む）デイリー合算ランキング：20250706(日),2025-07-06T00:00:00,2025-07-07T00:53:00.000Z,14.0,8238.0,25556.0,126.0,39.0,,KING OF PRISM Your Endless Call ルート2,,141197.0,254154600.0
https://mimorin2014.com/blog-entry-49414.html,（独立系を含む）デイリー合算ランキング：20250707(月),2025-07-07T00:00:00,2025-07-08T00:53:00.000Z,14.0,3385.0,24520.0,128.0,39.0,,KING OF PRISM Your Endless Call ルート2,,144582.0,260247600.0
https://mimorin2014.com/blog-entry-49421.html,（独立系を含む）デイリー合算ランキング：20250708(火),2025-07-08T00:00:00,2025-07-09T00:53:00.000Z,18.0,2263.0,19653.0,107.0,38.0,,KING OF PRISM Your Endless Call ルート2,,146845.0,264321000.0
https://mimorin2014.com/blog-entry-49428.html,（独立系を含む）デイリー合算ランキング：20250709(水),2025-07-09T00:00:00,2025-07-10T00:53:00.000Z,16.0,2931.0,23180.0,123.0,39.0,,KING OF PRISM Your Endless Call ルート2,,149776.0,269596800.0
https://mimorin2014.com/blog-entry-49435.html,（独立系を含む）デイリー合算ランキング：20250710(木),2025-07-10T00:00:00,2025-07-11T00:53:00.000Z,16.0,2081.0,22333.0,119.0,39.0,,KING OF PRISM Your Endless Call ルート2,,151857.0,273342600.0
https://mimorin2014.com/blog-entry-49442.html,（独立系を含む）デイリー合算ランキング：20250711(金),2025-07-11T00:00:00,2025-07-12T00:53:00.000Z,14.0,4267.0,13117.0,69.0,35.0,,KING OF PRISM Your Endless Call ルート3,,156124.0,281023200.0
https://mimorin2014.com/blog-entry-49451.html,（独立系を含む）デイリー合算ランキング：20250712(土),2025-07-12T00:00:00,2025-07-13T00:53:00.000Z,17.0,6391.0,13144.0,63.0,25.0,,KING OF PRISM Your Endless Call ルート3,,162515.0,292527000.0
https://mimorin2014.com/blog-entry-49458.html,（独立系を含む）デイリー合算ランキング：20250713(日),2025-07-13T00:00:00,2025-07-14T00:53:00.000Z,15.0,6766.0,21120.0,105.0,35.0,,KING OF PRISM Your Endless Call ルート3,,169281.0,304705800.0
https://mimorin2014.com/blog-entry-49467.html,（独立系を含む）デイリー合算ランキング：20250714(月),2025-07-14T00:00:00,2025-07-15T00:53:00.000Z,14.0,2246.0,15655.0,83.0,34.0,,KING OF PRISM Your Endless Call ルート3,,171527.0,308748600.0
https://mimorin2014.com/blog-entry-49475.html,（独立系を含む）デイリー合算ランキング：20250715(火),2025-07-15T00:00:00,2025-07-16T00:53:00.000Z,13.0,1949.0,12966.0,65.0,35.0,,KING OF PRISM Your Endless Call ルート3,,173476.0,312256800.0
https://mimorin2014.com/blog-entry-49482.html,（独立系を含む）デイリー合算ランキング：20250716(水),2025-07-16T00:00:00,2025-07-17T00:53:00.000Z,18.0,1985.0,11683.0,65.0,34.0,,KING OF PRISM Your Endless Call ルート3,,175461.0,315829800.0
https://mimorin2014.com/blog-entry-49489.html,（独立系を含む）デイリー合算ランキング：20250717(木),2025-07-17T00:00:00,2025-07-18T00:53:00.000Z,15.0,2141.0,16031.0,88.0,35.0,,"KING OF PRISM Your Endless Call ルート3<div class=""google-auto-placed ap_container"" style=""width: 100%; height: auto; clear: both; text-align: center;""><ins data-ad-format=""auto"" class=""adsbygoogle adsbygoogle-noablate"" data-ad-client=""ca-pub-1446206033984935"" data-adsbygoogle-status=""done"" style=""display: block; margin: auto; background-color: transparent; height: 0px;""><div id=""aswift_5_host"" style=""border: none; height: 0px; width: 708px; margin: 0px; padding: 0px; position: relative; visibility: visible; background-color: transparent; display: inline-block; overflow: hidden; opacity: 0;""><iframe id=""aswift_5"" name=""aswift_5"" browsingtopics=""true"" style=""left: 0px; position: absolute; top: 0px; border: 0px; width: 708px; height: 0px; min-height: auto; max-height: none; min-width: auto; max-width: none;"" sandbox=""allow-forms allow-popups allow-popups-to-escape-sandbox allow-same-origin allow-scripts allow-top-navigation-by-user-activation"" width=""708"" height=""0"" frameborder=""0"" marginwidth=""0"" marginheight=""0"" vspace=""0"" hspace=""0"" allowtransparency=""true"" scrolling=""no"" allow=""attribution-reporting; run-ad-auction"" src=""https://googleads.g.doubleclick.net/pagead/ads?client=ca-pub-1446206033984935&amp;output=html&amp;h=280&amp;adk=339103787&amp;adf=247021622&amp;pi=t.aa~a.2344727580~i.32~rp.1&amp;w=708&amp;abgtt=6&amp;fwrn=4&amp;fwrnh=100&amp;lmt=1752769285&amp;num_ads=1&amp;rafmt=1&amp;armr=3&amp;sem=mc&amp;pwprc=8619640303&amp;ad_type=text_image&amp;format=708x280&amp;url=https%3A%2F%2Fmimorin2014.com%2F%3Fcat%3D6%26page%3D0&amp;fwr=0&amp;pra=3&amp;rh=177&amp;rw=708&amp;rpe=1&amp;resp_fmts=3&amp;wgl=1&amp;fa=27&amp;uach=WyJXaW5kb3dzIiwiMTAuMCIsIng2NCIsIiIsIjEyOC4wLjY2MTMuMTgiLG51bGwsMCxudWxsLCI2NCIsW1siQ2hyb21pdW0iLCIxMjguMC42NjEzLjE4Il0sWyJOb3Q7QT1CcmFuZCIsIjI0LjAuMC4wIl0sWyJIZWFkbGVzc0Nocm9tZSIsIjEyOC4wLjY2MTMuMTgiXV0sMF0.&amp;dt=1752769285943&amp;bpp=4&amp;bdt=781&amp;idt=-M&amp;shv=r20250715&amp;mjsv=m202507150101&amp;ptt=9&amp;saldr=aa&amp;abxe=1&amp;cookie=ID%3D330c5224b7e479aa%3AT%3D1752769285%3ART%3D1752769285%3AS%3DALNI_MamAWj6IGbzNJmZy2JhPNSKX5WxJA&amp;gpic=UID%3D00000f1ab2fc6b0c%3AT%3D1752769285%3ART%3D1752769285%3AS%3DALNI_MZ4eAZlt-p6OhECxUmiyBoUtul0Pw&amp;eo_id_str=ID%3Dc1ef49f8cd5dccec%3AT%3D1752769285%3ART%3D1752769285%3AS%3DAA-Afjb7Gme-yifeJDSM0VIhgfBX&amp;prev_fmts=0x0%2C728x90%2C728x90%2C336x280%2C336x280&amp;nras=2&amp;correlator=5277236090448&amp;frm=20&amp;pv=1&amp;u_tz=0&amp;u_his=2&amp;u_h=720&amp;u_w=1280&amp;u_ah=720&amp;u_aw=1280&amp;u_cd=24&amp;u_sd=1&amp;dmc=8&amp;adx=101&amp;ady=865&amp;biw=1280&amp;bih=720&amp;scr_x=0&amp;scr_y=0&amp;eid=95362655%2C95365881%2C95366024%2C95366350%2C31093488%2C95359265%2C95366368&amp;oid=2&amp;pvsid=5584595952446937&amp;tmod=86836799&amp;uas=0&amp;nvt=1&amp;fc=1408&amp;brdim=0%2C0%2C0%2C0%2C1280%2C0%2C1280%2C720%2C1280%2C720&amp;vis=1&amp;rsz=%7C%7Cs%7C&amp;abl=NS&amp;fu=128&amp;bc=31&amp;bz=1&amp;td=1&amp;tdf=2&amp;psd=W251bGwsbnVsbCxudWxsLDNd&amp;nt=1&amp;ifi=6&amp;uci=a!6&amp;btvi=2&amp;fsb=1&amp;dtd=28"" data-google-container-id=""a!6"" tabindex=""0"" title=""Advertisement"" aria-label=""Advertisement"" data-google-query-id=""CLuCqbWmxI4DFVYTaAgdewoG3g"" data-load-complete=""true""></iframe></div></ins></div>",,177602.0,319683600.0
https://mimorin2014.com/blog-entry-49496.html,（独立系を含む）デイリー合算ランキング：20250718(金),2025-07-18T00:00:00,2025-07-19T00:53:00.000Z,10.0,3209.0,6389.0,44.0,32.0,,KING OF PRISM Your Endless Call ルート4,,180811.0,325459800.0
https://mimorin2014.com/blog-entry-49505.html,（独立系を含む）デイリー合算ランキング：20250719(土),2025-07-19T00:00:00,2025-07-20T00:53:00.000Z,15.0,3957.0,10060.0,65.0,30.0,,KING OF PRISM Your Endless Call ルート4,,184768.0,332582400.0
https://mimorin2014.com/blog-entry-49512.html,（独立系を含む）デイリー合算ランキング：20250720(日),2025-07-20T00:00:00,2025-07-21T00:53:00.000Z,16.0,3915.0,11313.0,74.0,32.0,,KING OF PRISM Your Endless Call ルート4,,188683.0,339629400.0
https://mimorin2014.com/blog-entry-49521.html,（独立系を含む）デイリー合算ランキング：20250721(月),2025-07-21T00:00:00,2025-07-22T00:53:00.000Z,16.0,4153.0,11755.0,74.0,32.0,,KING OF PRISM Your Endless Call ルート4,,192836.0,347104800.0
https://mimorin2014.com/blog-entry-49528.html,（独立系を含む）デイリー合算ランキング：20250722(火),2025-07-22T00:00:00,2025-07-23T00:53:00.000Z,14.0,2193.0,9439.0,57.0,28.0,,KING OF PRISM Your Endless Call ルート4,,195029.0,351052200.0
https://mimorin2014.com/blog-entry-49535.html,（独立系を含む）デイリー合算ランキング：20250723(水),2025-07-23T00:00:00,2025-07-24T00:53:00.000Z,14.0,2654.0,11110.0,65.0,30.0,,KING OF PRISM Your Endless Call ルート4,,197683.0,355829400.0
https://mimorin2014.com/blog-entry-49542.html,（独立系を含む）デイリー合算ランキング：20250724(木),2025-07-24T00:00:00,2025-07-25T00:53:00.000Z,17.0,2231.0,8973.0,50.0,28.0,,KING OF PRISM Your Endless Call ルート4,,199914.0,359845200.0
https://mimorin2014.com/blog-entry-49549.html,（独立系を含む）デイリー合算ランキング：20250725(金),2025-07-25T00:00:00,2025-07-26T00:53:00.000Z,13.0,4022.0,6814.0,43.0,38.0,214.4,KING OF PRISM Your Endless Call ルート1 われらが青春,,203936.0,367084800.0
https://mimorin2014.com/blog-entry-49558.html,（独立系を含む）デイリー合算ランキング：20250726(土),2025-07-26T00:00:00,2025-07-27T00:53:00.000Z,20.0,3052.0,4653.0,35.0,31.0,208.0,KING OF PRISM Your Endless Call ルート1 われらが青春,,206988.0,372578400.0
https://mimorin2014.com/blog-entry-49565.html,（独立系を含む）デイリー合算ランキング：20250727(日),2025-07-27T00:00:00,2025-07-28T00:53:00.000Z,15.0,4314.0,10781.0,58.0,38.0,377.1,KING OF PRISM Your Endless Call ルート1 われらが青春,,211302.0,380343600.0
https://mimorin2014.com/blog-entry-49574.html,（独立系を含む）デイリー合算ランキング：20250728(月),2025-07-28T00:00:00,2025-07-29T00:53:00.000Z,19.0,2379.0,10650.0,63.0,39.0,296.6,KING OF PRISM Your Endless Call ルート1 われらが青春,,213681.0,384625800.0
https://mimorin2014.com/blog-entry-49581.html,（独立系を含む）デイリー合算ランキング：20250729(火),2025-07-29T00:00:00,2025-07-30T00:53:00.000Z,19.0,1680.0,9914.0,59.0,38.0,389.8,KING OF PRISM Your Endless Call ルート1 われらが青春,,215361.0,387649800.0
https://mimorin2014.com/blog-entry-49588.html,（独立系を含む）デイリー合算ランキング：20250730(水),2025-07-30T00:00:00,2025-07-31T00:53:00.000Z,23.0,1768.0,9791.0,55.0,39.0,369.1,KING OF PRISM Your Endless Call ルート1 われらが青春,,217129.0,390832200.0
https://mimorin2014.com/blog-entry-49595.html,（独立系を含む）デイリー合算ランキング：20250731(木),2025-07-31T00:00:00,2025-08-01T00:53:00.000Z,21.0,1706.0,10326.0,62.0,40.0,393.1,KING OF PRISM Your Endless Call ルート1 われらが青春,,218835.0,393903000.0
https://mimorin2014.com/blog-entry-49602.html,（独立系を含む）デイリー合算ランキング：20250801(金),2025-08-01T00:00:00,2025-08-02T00:53:00.000Z,12.0,3598.0,7080.0,31.0,11.0,,KING OF PRISM Your Endless Call ルート2,,222433.0,400379400.0
https://mimorin2014.com/blog-entry-49611.html,（独立系を含む）デイリー合算ランキング：20250802(土),2025-08-02T00:00:00,2025-08-03T00:53:00.000Z,18.0,2734.0,5874.0,31.0,11.0,,KING OF PRISM Your Endless Call ルート2,,225167.0,405300600.0
https://mimorin2014.com/blog-entry-49618.html,（独立系を含む）デイリー合算ランキング：20250803(日),2025-08-03T00:00:00,2025-08-04T00:53:00.000Z,20.0,2284.0,6037.0,29.0,10.0,,KING OF PRISM Your Endless Call ルート2,,227451.0,409411800.0
https://mimorin2014.com/blog-entry-49627.html,（独立系を含む）デイリー合算ランキング：20250804(月),2025-08-04T00:00:00,2025-08-05T00:53:00.000Z,24.0,1114.0,6862.0,33.0,11.0,,KING OF PRISM Your Endless Call ルート2,,228565.0,411417000.0
https://mimorin2014.com/blog-entry-49634.html,（独立系を含む）デイリー合算ランキング：20250805(火),2025-08-05T00:00:00,2025-08-06T00:53:00.000Z,21.0,1016.0,6798.0,31.0,11.0,,KING OF PRISM Your Endless Call ルート2,,229581.0,413245800.0
https://mimorin2014.com/blog-entry-49641.html,（独立系を含む）デイリー合算ランキング：20250806(水),2025-08-06T00:00:00,2025-08-07T00:53:00.000Z,25.0,1158.0,7025.0,32.0,11.0,,KING OF PRISM Your Endless Call ルート2,,230739.0,415330200.0
https://mimorin2014.com/blog-entry-49648.html,（独立系を含む）デイリー合算ランキング：20250807(木),2025-08-07T00:00:00,2025-08-08T00:53:00.000Z,24.0,1082.0,5951.0,28.0,10.0,,KING OF PRISM Your Endless Call ルート2,,231821.0,417277800.0
https://mimorin2014.com/blog-entry-49655.html,（独立系を含む）デイリー合算ランキング：20250808(金),2025-08-08T00:00:00,2025-08-09T00:53:00.000Z,11.0,2885.0,6283.0,23.0,9.0,,KING OF PRISM Your Endless Call ルート3,,234706.0,422470800.0
https://mimorin2014.com/blog-entry-49664.html,（独立系を含む）デイリー合算ランキング：20250809(土),2025-08-09T00:00:00,2025-08-10T00:53:00.000Z,24.0,1134.0,2273.0,11.0,6.0,,KING OF PRISM Your Endless Call ルート3,,235840.0,424512000.0
https://mimorin2014.com/blog-entry-49671.html,（独立系を含む）デイリー合算ランキング：20250810(日),2025-08-10T00:00:00,2025-08-11T00:53:00.000Z,22.0,1320.0,2653.0,10.0,4.0,,KING OF PRISM Your Endless Call ルート3,,237160.0,426888000.0
https://mimorin2014.com/blog-entry-49680.html,（独立系を含む）デイリー合算ランキング：20250811(月),2025-08-11T00:00:00,2025-08-12T00:53:00.000Z,22.0,1048.0,2333.0,12.0,4.0,,「SideM」ダイジェスト付き KING OF PRISM ルート3 奇跡のクイーン,,238208.0,428774400.0
https://mimorin2014.com/blog-entry-49687.html,（独立系を含む）デイリー合算ランキング：20250812(火),2025-08-12T00:00:00,2025-08-13T00:53:00.000Z,20.0,1272.0,3860.0,18.0,9.0,,「SideM」ダイジェスト付き KING OF PRISM ルート3 奇跡のクイーン,,239480.0,431064000.0
https://mimorin2014.com/blog-entry-49694.html,（独立系を含む）デイリー合算ランキング：20250813(水),2025-08-13T00:00:00,2025-08-14T00:53:00.000Z,23.0,1230.0,3860.0,18.0,9.0,,「SideM」ダイジェスト付き KING OF PRISM ルート3 奇跡のクイーン,,240710.0,433278000.0
https://mimorin2014.com/blog-entry-49701.html,（独立系を含む）デイリー合算ランキング：20250814(木),2025-08-14T00:00:00,2025-08-15T00:53:00.000Z,19.0,2156.0,5997.0,28.0,17.0,,「SideM」ダイジェスト付き KING OF PRISM ルート3 奇跡のクイーン,,242866.0,437158800.0
https://mimorin2014.com/blog-entry-49708.html,（独立系を含む）デイリー合算ランキング：20250815(金),2025-08-15T00:00:00,2025-08-16T00:53:00.000Z,15.0,2598.0,4029.0,16.0,7.0,,KING OF PRISM Your Endless Call ルート4,,245464.0,441835200.0
https://mimorin2014.com/blog-entry-49717.html,（独立系を含む）デイリー合算ランキング：20250816(土),2025-08-16T00:00:00,2025-08-17T00:53:00.000Z,22.0,1411.0,2611.0,12.0,6.0,,KING OF PRISM Your Endless Call ルート4,,246875.0,444375000.0
https://mimorin2014.com/blog-entry-49724.html,（独立系を含む）デイリー合算ランキング：20250817(日),2025-08-17T00:00:00,2025-08-18T00:53:00.000Z,22.0,1351.0,3601.0,16.0,6.0,,KING OF PRISM Your Endless Call ルート4,,248226.0,446806800.0
https://mimorin2014.com/blog-entry-49733.html,（独立系を含む）デイリー合算ランキング：20250818(月),2025-08-18T00:00:00,2025-08-19T00:53:00.000Z,22.0,819.0,3203.0,16.0,7.0,,KING OF PRISM Your Endless Call ルート4,,249045.0,448281000.0
https://mimorin2014.com/blog-entry-49740.html,（独立系を含む）デイリー合算ランキング：20250819(火),2025-08-19T00:00:00,2025-08-20T00:53:00.000Z,22.0,635.0,3055.0,15.0,7.0,,KING OF PRISM Your Endless Call ルート4,,249680.0,449424000.0
https://mimorin2014.com/blog-entry-49747.html,（独立系を含む）デイリー合算ランキング：20250820(水),2025-08-20T00:00:00,2025-08-21T00:53:00.000Z,23.0,735.0,3484.0,17.0,8.0,,KING OF PRISM Your Endless Call ルート4,,250415.0,450747000.0
https://mimorin2014.com/blog-entry-49754.html,（独立系を含む）デイリー合算ランキング：20250821(木),2025-08-21T00:00:00,2025-08-22T00:53:00.000Z,19.0,928.0,3798.0,17.0,7.0,,"KING OF PRISM Your Endless Call ルート4<div class=""google-auto-placed ap_container"" style=""width: 100%; height: auto; clear: both; text-align: center;""><ins data-ad-format=""auto"" class=""adsbygoogle adsbygoogle-noablate"" data-ad-client=""ca-pub-1446206033984935"" data-adsbygoogle-status=""done"" style=""display: block; margin: auto; background-color: transparent; height: 0px;"" data-ad-status=""unfilled""><div id=""aswift_6_host"" style=""border: none; height: 0px; width: 708px; margin: 0px; padding: 0px; position: relative; visibility: visible; background-color: transparent; display: inline-block; overflow: hidden; opacity: 0;""><iframe id=""aswift_6"" name=""aswift_6"" browsingtopics=""true"" style=""left: 0px; position: absolute; top: 0px; border: 0px; width: 708px; height: 0px; min-height: auto; max-height: none; min-width: auto; max-width: none;"" sandbox=""allow-forms allow-popups allow-popups-to-escape-sandbox allow-same-origin allow-scripts allow-top-navigation-by-user-activation"" width=""708"" height=""0"" frameborder=""0"" marginwidth=""0"" marginheight=""0"" vspace=""0"" hspace=""0"" allowtransparency=""true"" scrolling=""no"" allow=""attribution-reporting; run-ad-auction"" src=""https://googleads.g.doubleclick.net/pagead/ads?client=ca-pub-1446206033984935&amp;output=html&amp;h=280&amp;adk=3101388887&amp;adf=2093774933&amp;pi=t.aa~a.2344727580~i.40~rp.1&amp;daaos=1755717207328&amp;w=708&amp;fwrn=4&amp;fwrnh=100&amp;lmt=1755793446&amp;num_ads=1&amp;rafmt=1&amp;armr=3&amp;sem=mc&amp;pwprc=8619640303&amp;ad_type=text_image&amp;format=708x280&amp;url=https%3A%2F%2Fmimorin2014.com%2F%3Fcat%3D6%26page%3D0&amp;fwr=0&amp;pra=3&amp;rh=177&amp;rw=708&amp;rpe=1&amp;resp_fmts=3&amp;wgl=1&amp;fa=27&amp;uach=WyJXaW5kb3dzIiwiMTAuMCIsIng2NCIsIiIsIjEyOC4wLjY2MTMuMTgiLG51bGwsMCxudWxsLCI2NCIsW1siQ2hyb21pdW0iLCIxMjguMC42NjEzLjE4Il0sWyJOb3Q7QT1CcmFuZCIsIjI0LjAuMC4wIl0sWyJIZWFkbGVzc0Nocm9tZSIsIjEyOC4wLjY2MTMuMTgiXV0sMF0.&amp;abgtt=6&amp;dt=1755793446709&amp;bpp=1&amp;bdt=1061&amp;idt=-M&amp;shv=r20250820&amp;mjsv=m202508180101&amp;ptt=9&amp;saldr=aa&amp;abxe=1&amp;cookie=ID%3D309db9bfc4ad3d8e%3AT%3D1755793446%3ART%3D1755793446%3AS%3DALNI_Mbsdp5dShgWSz0ySJ0kCgzkt7bdRQ&amp;gpic=UID%3D0000110c08fde57e%3AT%3D1755793446%3ART%3D1755793446%3AS%3DALNI_MYKugrpbxo16BTdAMPUoBqgHhbZbQ&amp;eo_id_str=ID%3D5686262855a4daa1%3AT%3D1755793446%3ART%3D1755793446%3AS%3DAA-AfjY8busPMm017AfJgygi1L_9&amp;prev_fmts=0x0%2C728x90%2C728x90%2C336x280%2C336x280%2C708x280&amp;nras=3&amp;correlator=261787641918&amp;frm=20&amp;pv=1&amp;u_tz=0&amp;u_his=2&amp;u_h=720&amp;u_w=1280&amp;u_ah=720&amp;u_aw=1280&amp;u_cd=24&amp;u_sd=1&amp;dmc=8&amp;adx=101&amp;ady=1223&amp;biw=1280&amp;bih=720&amp;scr_x=0&amp;scr_y=0&amp;eid=31094153%2C31094243%2C95362655%2C95369196%2C31094180%2C95344791%2C95359266&amp;oid=2&amp;pvsid=3524386458562012&amp;tmod=477566389&amp;uas=0&amp;nvt=1&amp;fc=1408&amp;brdim=0%2C0%2C0%2C0%2C1280%2C0%2C1280%2C720%2C1280%2C720&amp;vis=1&amp;rsz=%7C%7Cs%7C&amp;abl=NS&amp;fu=128&amp;bc=31&amp;bz=1&amp;td=1&amp;tdf=2&amp;psd=W251bGwsbnVsbCxudWxsLDNd&amp;nt=1&amp;ifi=7&amp;uci=a!7&amp;btvi=3&amp;fsb=1&amp;dtd=61"" data-google-container-id=""a!7"" tabindex=""0"" title=""Advertisement"" aria-label=""Advertisement"" data-google-query-id=""COTcx6WonI8DFZPcuAgdVhUPUA"" data-load-complete=""true""></iframe></div></ins></div>",,251343.0,452417400.0
https://mimorin2014.com/blog-entry-49761.html,（独立系を含む）デイリー合算ランキング：20250822(金),2025-08-22T00:00:00,2025-08-23T00:53:00.000Z,12.0,5430.0,13178.0,100.0,45.0,,も～っとつながる!KING OF PRISM ルート1 われらが青春,,256773.0,462191400.0
https://mimorin2014.com/blog-entry-49770.html,（独立系を含む）デイリー合算ランキング：20250823(土),2025-08-23T00:00:00,2025-08-24T00:53:00.000Z,13.0,5206.0,12999.0,100.0,46.0,,も～っとつながる!KING OF PRISM ルート1 われらが青春,,261979.0,471562200.0
https://mimorin2014.com/blog-entry-49777.html,（独立系を含む）デイリー合算ランキング：20250824(日),2025-08-24T00:00:00,2025-08-25T00:53:00.000Z,14.0,4454.0,13582.0,105.0,46.0,,も～っとつながる!KING OF PRISM ルート1 われらが青春,,266433.0,479579400.0
https://mimorin2014.com/blog-entry-49786.html,（独立系を含む）デイリー合算ランキング：20250825(月),2025-08-25T00:00:00,2025-08-26T00:53:00.000Z,15.0,1984.0,13543.0,107.0,46.0,,も～っとつながる!KING OF PRISM ルート1 われらが青春,,268417.0,483150600.0
https://mimorin2014.com/blog-entry-49793.html,（独立系を含む）デイリー合算ランキング：20250826(火),2025-08-26T00:00:00,2025-08-27T00:53:00.000Z,15.0,1826.0,13062.0,102.0,46.0,,も～っとつながる!KING OF PRISM ルート1 われらが青春,,270243.0,486437400.0
https://mimorin2014.com/blog-entry-49800.html,（独立系を含む）デイリー合算ランキング：20250827(水),2025-08-27T00:00:00,2025-08-28T00:53:00.000Z,16.0,1768.0,12857.0,100.0,46.0,,"も～っとつながる!KING OF PRISM ルート1 われらが青春<div class=""google-auto-placed ap_container"" style=""width: 100%; height: auto; clear: both; text-align: center;""><ins data-ad-format=""auto"" class=""adsbygoogle adsbygoogle-noablate"" data-ad-client=""ca-pub-1446206033984935"" data-adsbygoogle-status=""done"" style=""display: block; margin: auto; background-color: transparent; height: 0px;"" data-ad-status=""unfilled""><div id=""aswift_5_host"" style=""border: none; height: 0px; width: 708px; margin: 0px; padding: 0px; position: relative; visibility: visible; background-color: transparent; display: inline-block; overflow: hidden; opacity: 0;""><iframe id=""aswift_5"" name=""aswift_5"" browsingtopics=""true"" style=""left: 0px; position: absolute; top: 0px; border: 0px; width: 708px; height: 0px; min-height: auto; max-height: none; min-width: auto; max-width: none;"" sandbox=""allow-forms allow-popups allow-popups-to-escape-sandbox allow-same-origin allow-scripts allow-top-navigation-by-user-activation"" width=""708"" height=""0"" frameborder=""0"" marginwidth=""0"" marginheight=""0"" vspace=""0"" hspace=""0"" allowtransparency=""true"" scrolling=""no"" allow=""attribution-reporting; run-ad-auction"" src=""https://googleads.g.doubleclick.net/pagead/ads?client=ca-pub-1446206033984935&amp;output=html&amp;h=280&amp;adk=1575718368&amp;adf=2227850495&amp;pi=t.aa~a.2344727580~i.34~rp.1&amp;w=708&amp;fwrn=4&amp;fwrnh=100&amp;lmt=1756311597&amp;num_ads=1&amp;rafmt=1&amp;armr=3&amp;sem=mc&amp;pwprc=8619640303&amp;ad_type=text_image&amp;format=708x280&amp;url=https%3A%2F%2Fmimorin2014.com%2F%3Fcat%3D6%26page%3D0&amp;fwr=0&amp;pra=3&amp;rh=177&amp;rw=708&amp;rpe=1&amp;resp_fmts=3&amp;wgl=1&amp;fa=27&amp;uach=WyJXaW5kb3dzIiwiMTAuMCIsIng2NCIsIiIsIjEyOC4wLjY2MTMuMTgiLG51bGwsMCxudWxsLCI2NCIsW1siQ2hyb21pdW0iLCIxMjguMC42NjEzLjE4Il0sWyJOb3Q7QT1CcmFuZCIsIjI0LjAuMC4wIl0sWyJIZWFkbGVzc0Nocm9tZSIsIjEyOC4wLjY2MTMuMTgiXV0sMF0.&amp;abgtt=6&amp;dt=1756311596971&amp;bpp=4&amp;bdt=1145&amp;idt=-M&amp;shv=r20250825&amp;mjsv=m202508210101&amp;ptt=9&amp;saldr=aa&amp;abxe=1&amp;cookie=ID%3D9810c4d931a950f1%3AT%3D1756311596%3ART%3D1756311596%3AS%3DALNI_MaNC4hagtlMdrgMEa89eLQ-08YwMA&amp;gpic=UID%3D00000f1c20c4d1e2%3AT%3D1756311596%3ART%3D1756311596%3AS%3DALNI_MbnNngw5_y4-zQ1oK3-kCgplI-OGw&amp;eo_id_str=ID%3Df084fbafd4e347b5%3AT%3D1756311596%3ART%3D1756311596%3AS%3DAA-AfjZDqpulTpPpiN6Ko0s9kZJK&amp;prev_fmts=0x0%2C728x90%2C728x90%2C336x280%2C336x280&amp;nras=2&amp;correlator=7093935272653&amp;rume=1&amp;frm=20&amp;pv=1&amp;u_tz=0&amp;u_his=2&amp;u_h=720&amp;u_w=1280&amp;u_ah=720&amp;u_aw=1280&amp;u_cd=24&amp;u_sd=1&amp;dmc=8&amp;adx=101&amp;ady=881&amp;biw=1280&amp;bih=720&amp;scr_x=0&amp;scr_y=0&amp;eid=31094298%2C42532523%2C95362656%2C95368289%2C95369705%2C95369799%2C95370343%2C95359266%2C95368093%2C31061691%2C31061692&amp;oid=2&amp;pvsid=4624377716330388&amp;tmod=1257983528&amp;uas=0&amp;nvt=1&amp;fc=1408&amp;brdim=0%2C0%2C0%2C0%2C1280%2C0%2C1280%2C720%2C1280%2C720&amp;vis=1&amp;rsz=%7C%7Cs%7C&amp;abl=NS&amp;fu=128&amp;bc=31&amp;bz=1&amp;td=1&amp;tdf=2&amp;psd=W251bGwsbnVsbCxudWxsLDNd&amp;nt=1&amp;ifi=6&amp;uci=a!6&amp;btvi=2&amp;fsb=1&amp;dtd=101"" data-google-container-id=""a!6"" tabindex=""0"" title=""Advertisement"" aria-label=""Advertisement"" data-google-query-id=""COef8cayq48DFZAFVgUdpxg4rg"" data-load-complete=""true""></iframe></div></ins></div>",,272011.0,489619800.0
https://mimorin2014.com/blog-entry-49807.html,（独立系を含む）デイリー合算ランキング：20250828(木),2025-08-28T00:00:00,2025-08-29T00:53:00.000Z,15.0,1758.0,12858.0,100.0,46.0,,も～っとつながる!KING OF PRISM ルート1 われらが青春,,273769.0,492784200.0
https://mimorin2014.com/blog-entry-49814.html,（独立系を含む）デイリー合算ランキング：20250829(金),2025-08-29T00:00:00,2025-08-30T00:53:00.000Z,14.0,2737.0,11184.0,87.0,39.0,,も～っとつながる!KING OF PRISM ルート2 伝説のキングカップ,,276506.0,497710800.0
https://mimorin2014.com/blog-entry-49823.html,（独立系を含む）デイリー合算ランキング：20250830(土),2025-08-30T00:00:00,2025-08-31T00:54:00.000Z,17.0,3280.0,8431.0,60.0,39.0,,も～っとつながる!KING OF PRISM ルート2 伝説のキングカップ,,279786.0,503614800.0
https://mimorin2014.com/blog-entry-49830.html,（独立系を含む）デイリー合算ランキング：20250831(日),2025-08-31T00:00:00,2025-09-01T00:53:00.000Z,18.0,2582.0,8375.0,61.0,39.0,,も～っとつながる!KING OF PRISM ルート2 伝説のキングカップ,,282368.0,508262400.0
https://mimorin2014.com/blog-entry-49839.html,（独立系を含む）デイリー合算ランキング：20250901(月),2025-09-01T00:00:00,2025-09-02T00:53:00.000Z,16.0,1611.0,9518.0,70.0,39.0,,も～っとつながる!KING OF PRISM ルート2 伝説のキングカップ,,283979.0,511162200.0
https://mimorin2014.com/blog-entry-49846.html,（独立系を含む）デイリー合算ランキング：20250902(火),2025-09-02T00:00:00,2025-09-03T00:53:00.000Z,16.0,1240.0,8795.0,66.0,39.0,,も～っとつながる!KING OF PRISM ルート2 伝説のキングカップ,,285219.0,513394200.0
https://mimorin2014.com/blog-entry-49853.html,（独立系を含む）デイリー合算ランキング：20250903(水),2025-09-03T00:00:00,2025-09-04T00:53:00.000Z,16.0,1425.0,8982.0,66.0,39.0,,も～っとつながる!KING OF PRISM ルート2 伝説のキングカップ,,286644.0,515959200.0
https://mimorin2014.com/blog-entry-49860.html,（独立系を含む）デイリー合算ランキング：20250904(木),2025-09-04T00:00:00,2025-09-05T00:53:00.000Z,16.0,1351.0,8850.0,65.0,39.0,,も～っとつながる!KING OF PRISM ルート2 伝説のキングカップ,,287995.0,518391000.0
https://mimorin2014.com/blog-entry-49867.html,（独立系を含む）デイリー合算ランキング：20250905(金),2025-09-05T00:00:00,2025-09-06T00:53:00.000Z,17.0,1928.0,6491.0,48.0,38.0,,も～っとつながる!KING OF PRISM ルート3 奇跡のクイーンカップ,,289923.0,521861400.0
https://mimorin2014.com/blog-entry-49876.html,（独立系を含む）デイリー合算ランキング：20250906(土),2025-09-06T00:00:00,2025-09-07T00:53:00.000Z,20.0,2325.0,6304.0,45.0,37.0,,も～っとつながる!KING OF PRISM ルート3 奇跡のクイーンカップ,,292248.0,526046400.0
https://mimorin2014.com/blog-entry-49883.html,（独立系を含む）デイリー合算ランキング：20250907(日),2025-09-07T00:00:00,2025-09-08T00:53:00.000Z,20.0,2143.0,6675.0,48.0,37.0,,も～っとつながる!KING OF PRISM ルート3 奇跡のクイーンカップ,,294391.0,529903800.0
https://mimorin2014.com/blog-entry-49892.html,（独立系を含む）デイリー合算ランキング：20250908(月),2025-09-08T00:00:00,2025-09-09T00:53:00.000Z,20.0,1015.0,6806.0,51.0,38.0,,も～っとつながる!KING OF PRISM ルート3 奇跡のクイーンカップ,,295406.0,531730800.0
https://mimorin2014.com/blog-entry-49899.html,（独立系を含む）デイリー合算ランキング：20250909(火),2025-09-09T00:00:00,2025-09-10T00:53:00.000Z,18.0,992.0,6391.0,48.0,37.0,,も～っとつながる!KING OF PRISM ルート3 奇跡のクイーンカップ,,296398.0,533516400.0
https://mimorin2014.com/blog-entry-49906.html,（独立系を含む）デイリー合算ランキング：20250910(水),2025-09-10T00:00:00,2025-09-11T00:53:00.000Z,20.0,1064.0,6606.0,49.0,38.0,,も～っとつながる!KING OF PRISM ルート3 奇跡のクイーンカップ,,297462.0,535431600.0
https://mimorin2014.com/blog-entry-49913.html,（独立系を含む）デイリー合算ランキング：20250911(木),2025-09-11T00:00:00,2025-09-12T00:54:00.000Z,19.0,989.0,6614.0,49.0,38.0,,も～っとつながる!KING OF PRISM ルート3 奇跡のクイーンカップ,,298451.0,537211800.0
https://mimorin2014.com/blog-entry-49920.html,（独立系を含む）デイリー合算ランキング：20250912(金),2025-09-12T00:00:00,2025-09-13T00:53:00.000Z,,,,,,,,,,
https://mimorin2014.com/blog-entry-49929.html,（独立系を含む）デイリー合算ランキング：20250913(土),2025-09-13T00:00:00,2025-09-14T00:53:00.000Z,,,,,,,,,,
https://mimorin2014.com/blog-entry-49936.html,（独立系を含む）デイリー合算ランキング：20250914(日),2025-09-14T00:00:00,2025-09-15T00:54:00.000Z,,,,,,,,,,
https://mimorin2014.com/blog-entry-49945.html,（独立系を含む）デイリー合算ランキング：20250915(月),2025-09-15T00:00:00,2025-09-16T00:53:00.000Z,,,,,,,,,,
https://mimorin2014.com/blog-entry-49952.html,（独立系を含む）デイリー合算ランキング：20250916(火),2025-09-16T00:00:00,2025-09-17T00:53:00.000Z,,,,,,,,,,
https://mimorin2014.com/blog-entry-49959.html,（独立系を含む）デイリー合算ランキング：20250917(水),2025-09-17T00:00:00,2025-09-18T00:53:00.000Z,,,,,,,,,,
https://mimorin2014.com/blog-entry-49966.html,（独立系を含む）デイリー合算ランキング：20250918(木),2025-09-18T00:00:00,2025-09-19T00:53:00.000Z,,,,,,,,,,
https://mimorin2014.com/blog-entry-49973.html,（独立系を含む）デイリー合算ランキング：20250919(金),2025-09-19T00:00:00,2025-09-20T00:53:00.000Z,,,,,,,,,,
https://mimorin2014.com/blog-entry-49982.html,（独立系を含む）デイリー合算ランキング：20250920(土),2025-09-20T00:00:00,2025-09-21T00:53:00.000Z,,,,,,,,,,
https://mimorin2014.com/blog-entry-49989.html,（独立系を含む）デイリー合算ランキング：20250921(日),2025-09-21T00:00:00,2025-09-22T00:53:00.000Z,,,,,,,,,,
https://mimorin2014.com/blog-entry-49998.html,（独立系を含む）デイリー合算ランキング：20250922(月),2025-09-22T00:00:00,2025-09-23T00:53:00.000Z,,,,,,,,,,
https://mimorin2014.com/blog-entry-50005.html,（独立系を含む）デイリー合算ランキング：20250923(火),2025-09-23T00:00:00,2025-09-24T00:53:00.000Z,,,,,,,,,,
https://mimorin2014.com/blog-entry-50012.html,（独立系を含む）デイリー合算ランキング：20250924(水),2025-09-24T00:00:00,2025-09-25T00:53:00.000Z,,,,,,,,,,
https://mimorin2014.com/blog-entry-50019.html,（独立系を含む）デイリー合算ランキング：20250925(木),2025-09-25T00:00:00,2025-09-26T00:53:00.000Z,,,,,,,,,,
https://mimorin2014.com/blog-entry-50026.html,（独立系を含む）デイリー合算ランキング：20250926(金),2025-09-26T00:00:00,2025-09-27T00:53:00.000Z,17.0,2303.0,3816.0,14.0,9.0,,KING OF PRISM Your Endless Call ルート4,,300754.0,541357200.0
https://mimorin2014.com/blog-entry-50035.html,（独立系を含む）デイリー合算ランキング：20250927(土),2025-09-27T00:00:00,2025-09-28T00:54:00.000Z,,,,,,,,,,
https://mimorin2014.com/blog-entry-50042.html,（独立系を含む）デイリー合算ランキング：20250928(日),2025-09-28T00:00:00,2025-09-29T00:53:00.000Z,25.0,2098.0,3496.0,14.0,8.0,,KING OF PRISM Your Endless Call ルート4,,302852.0,545133600.0
https://mimorin2014.com/blog-entry-50051.html,（独立系を含む）デイリー合算ランキング：20250929(月),2025-09-29T00:00:00,2025-09-30T00:53:00.000Z,,,,,,,,,,
https://mimorin2014.com/blog-entry-50058.html,（独立系を含む）デイリー合算ランキング：20250930(火),2025-09-30T00:00:00,2025-10-01T00:53:00.000Z,,,,,,,,,,
https://mimorin2014.com/blog-entry-50065.html,（独立系を含む）デイリー合算ランキング：20251001(水),2025-10-01T00:00:00,2025-10-02T00:53:00.000Z,,,,,,,,,,
https://mimorin2014.com/blog-entry-50072.html,（独立系を含む）デイリー合算ランキング：20251002(木),2025-10-02T00:00:00,2025-10-03T00:54:00.000Z,,,,,,,,,,
https://mimorin2014.com/blog-entry-50079.html,（独立系を含む）デイリー合算ランキング：20251003(金),2025-10-03T00:00:00,2025-10-04T00:53:00.000Z,,,,,,,,,,
https://mimorin2014.com/blog-entry-50088.html,（独立系を含む）デイリー合算ランキング：20251004(土),2025-10-04T00:00:00,2025-10-05T00:53:00.000Z,,,,,,,,,,
https://mimorin2014.com/blog-entry-50095.html,（独立系を含む）デイリー合算ランキング：20251005(日),2025-10-05T00:00:00,2025-10-06T00:54:00.000Z,,,,,,,,,,
https://mimorin2014.com/blog-entry-50104.html,（独立系を含む）デイリー合算ランキング：20251006(月),2025-10-06T00:00:00,2025-10-07T00:53:00.000Z,,,,,,,,,,
https://mimorin2014.com/blog-entry-50111.html,（独立系を含む）デイリー合算ランキング：20251007(火),2025-10-07T00:00:00,2025-10-08T00:53:00.000Z,,,,,,,,,,
